record_id,content,Manual_Annotator3
1,l'app è meravigliosa ma vogliamo di nuovo per i nuovi utenti l'offerta del 0.99€ oppure 3 articoli con 3€ di disconto,Neutral
2,So I'm a pretty new user to this app and I've tried buying things on there. However recently I purchased a few items that either didn't work had the wrong description and I even had one purchase that I purchased because the first transaction didn't go through so I purchased it again and they sent me duplicate. After receiving these items this company would not take them back and I am out a few hundred dollars and hours and hours of time trying to get them to confirm the return. Stay away,Neutral
3,tried to order several items which took me forever. it's the most user unfriendly app I ever used. when I tried to pay for whatever reason it wouldn't take my card. . when I tried to use another card it completely erased my order. I tried to contact Ali and it was virtually impossible. I immediately Uninstalled the app.,Neutral
4,this company responds quickly,Positive
5,takes a week or so after you order to even get shipped out. I don't see a good reason for waiting so long.,Positive
6,"Deleted the app, TOO many scam and dodgy items on the site,also the app was a bit muddled, compared to the main website... 2026... let's try again & see if things have improved 🤔",Positive
7,I have had no issues with this site deliveries and products are as they described very good information on were the package is.,Positive
8,this is one of the worst delivery apps I have ever seen in my life!!! they don't have a working number to contact customer service period and it's been 3qeeks since I placed my order but yet still nothing. Guys please do not order nothing from these people they will take your money and everything about them are a complete scam heads up...,Negative
9,exceptional app,Positive
10,I never down loaded this app i got hacked,Neutral
11,"Buyer Beware! I bought a ""lego style"" brick building kit for my son. It was some time after purchase when he finally started working on it. The quality was very poor, even with adult assistance, the toy would fall apart with the slightest movement... even when trying to add the next pieces to the model! Aliexpress and the seller (Mi Ya TOY)neither will take responsibility or make a good-will refund or credit. Moral of the story - check all purchases for quality quickly when you receive them!",Neutral
12,My most favorite shopping app!!,Positive
13,I have negative expectations in this app please don't download this one there told free return available but there don't take return there will send damaged pieces,Positive
14,they have some problem if you return item. they not return back!!! will not buy something expensive it's piece of advice your money they will fly awy,Positive
15,my packige dident come. ive bean scamed i whant 30$ in damage if you whant to call me aliExpress find out your self. warning: dont buy things here because you will get scamed and noy get your packige. it sead that it had bean delivered. what a wast of money.,Neutral
16,"It was a very pretty good app, and much faster compared to the website. However, besides it yields to many annoying (and irrelevant) notifications, it charged my bank card twice today for the orders without arranging them into the shipping section. The orders were just silently ignored, but the money were charged.",Neutral
17,"item cost to Pakistan, 10 $, tax 15$ what a joke, all items are affordable at first glance then at checkout you pay at least 90% to 150% of item's actual value, it's not even funny ! it wasn't like this back in early 2025 I ordered many things. fix your shipping, I'm ordering items from Chinese sellers and have to pay 0.50$ at most upon receiving parcel to my door. AliExpress has become a big JOKE. maybe use yunexpress????",Positive
18,excellent,Positive
19,"as a watch builder, this site is it",Neutral
20,I like the app I've only had it a couple days but it is better than doing surveys,Positive
21,Scam vendors,Neutral
22,"if you are ordering from Nigeria just know that it's a one way trip. if item is damaged, you won't be able to return it. I've lost serious money because of this. almost 100k after one of the sellers sent me a amoled display that doesn't work. the platform doesn't have a realistic return logistics for Nigeria like temu. so if you can take the risk then go ahead.",Positive
23,yes I will pay,Neutral
24,"loved it! until it started to flag an cancel my orders and no one would do anything to fix it!! there ridiculous system has lost my business!! I was really enjoying buying these figures from a seller on here. made a ton of purchases. then one night I try to pay with pay pal it kept kicking me out so im like whatever and used my card ! it flagged the order and asked me to appeal send them my ID, CC information and bank statements I did that it took forever then it proceeded to do it 2 more times!",Positive
25,"Worst experience with them I ordered a watch value of 108$ and received empty package and record a video before opening of parcel that parcel was super slim but Ali Express rejected the refund and help line is also not providing any solution, they are total fraud don't buy from them",Negative
26,Please we will be happy if you can help introduce mobile money payment in your system. it will help we those in Ghana. and try to get office across Ghana like jumia.,Positive
27,"update: After yet another contacts with aliexpress, i got my refund. However that cost a lot of time! ‐------- I have shopped a lot from Ali in resent years, and problems have mostly been resolved if proof of problem gave been given, but now proof is not enough. I got a obvoius scam, a package with only wrapping in it, no goods at all! Several communication sessions with pictures and video with Ali (and seller) in wain. Still they now ask for more proof, and disregarded my claim!",Positive
28,Their costumer service led me on for 2 weeks waiting for buyers protection to run out for the counterfeit product I was sold. Do not use this site,Neutral
29,products are received as ordered but they take long to be delivered,Neutral
30,Worst rhapsody of all time! At least I only lost 16 American Dollars,Negative
31,I love it 😀,Positive
32,nothing but scammers,Neutral
33,I have to wait longer than 3 days for two things to get shipped at me,Neutral
34,There are scam shops; they mention some items and send others. don't trust on this app,Neutral
35,ভালো না😔😔,Neutral
36,"absolute garbage. I dint suggest this app, as when you make a purchase over $50, and its stolen, you lose your money, time, and sanity. there is no customer service and theres even less in these low quality items I tried to get a refund for stolen package 5 times!, they said prove it... how does one do that? how can I prove that i shook a person's hand i just met. app is stupid and pointless. go to Temu.",Negative
37,"Customer service nightmare! if you have a package with fast shipping selected, it'll never arrive on time and they will never fulfill their claims of refund, 1$ if late, or coupon on your next order. I have multiple packages from separate orders that were ordered months ago. talking with customer service doesn't yield anything other than false understanding and fake sympathy. infuriating, especially when they feed me a fake tracking number that wants me to sign into Amazon to view tracking info",Negative
38,can you say amazing prices?,Positive
39,شكرا لجهودكم,Neutral
40,ازعاج وكل شويه ايميل,Neutral
41,great to shop with.,Positive
42,ordered from there. they then decided to order something for themselves of nearly £40. Scammers stay away. quality of items isn't great either. DO NOT ORDER FROM HERE,Positive
43,garbage no comment,Neutral
44,so cool frk ai ad it's fake everything fake,Negative
45,"These people are scammers, if you buy something that comes in bulk or that is more than one, (like the turquoise rings, that comes in more than one size, a mix, that comes in 20/30pcs, that I have not received) , they don't show up mysteriously, and they blame you and the carrier. but items that were bought that is single items or set, oh those show up fine no problem. then they don't want to refund you back anything. These are not honest, or godly people, it's a facade to sale their products.",Positive
46,I placed an order and made payment but the order still shows that the order is awaiting payment. And customer service doesn't seems to have a way to help.,Neutral
47,I always get scammed. They always find a way.,Neutral
48,"Возникли проблемы со входом, потом с данными в моем аккаунте, у меня пропала вся информация о покупках, и я не вижу трекинги. Служба поддержки отреагировала на мое обращение, потом начали давать бесполезные советы о чистке браузера, и как получить посылки в моем отделении. Трекинги и информация где и что купил утеряны, сказали что больше не могут ничего сделать. 3 недели я на нервах ждал дойдут ли посылки, дошли. Связь с продавцами так и не восстановили, только давали циклические отмазки.",Neutral
49,I have been robbed on here by either aliexpress or evri . either way I can not allow myself to be apart of this app. I have had 3 deliveries delivered to the incorrect address. the tracking GPS clearly shows a different location than my address. after contacting aliexpress customer service I was told there is nuffing I can do i need to contact the delivery company. if any one in the UK has ever contacted evri they will know the stress .,Neutral
50,All everything is goods,Neutral
51,the ads. I'm unsure if you people have control over it or not. BUT PLEASE STOP HAVING YOUR ADS AUTO OPEN THE APP. I LOVE ALIEXPRESS BUT IM SO SICK OF IT😭,Neutral
52,Best for Online Products,Positive
53,Good app,Positive
54,"I had my package left outside of my property, opposite a park, my items have been stolen and they refuse to do anything to resolve the issue. that's not to mention the delivery dates which take weeks to month's, and the low quality tat that ends up arriving. awful ap",Negative
55,Absolutely 💯 love AliExpress app,Positive
56,"ayear or so has passed. and still ZEEO 25/10 ZERO STARS. PRIZE DRAW IS A CONFIDENCE TRICK. VERY MISLEADING, AVOID. ZERO STARS. 21/10 The worst thing is fakes prompted to the top of searches and sales. The updated prize draw, huge disappointment, both in time wasted and prizes. and still locks up. 6/9. Frozen and crashes regularly since Prize Draw update. Broken like EVA and the help.",Negative
57,страхотно,Neutral
58,I didn't install this app it installed it self when I installed an other app,Negative
59,I have ordered from them twice. The first time it came in late and damaged. The second time I have yet to receive my package. No way to get customer service. if you order plan on waiting for a few weeks and then have to cancel your order. Also the website is almost impossible to read the print. I've tried everything to increase it on my phone.,Negative
60,Imma have to give this one star ⭐ only because of it's false advertisement on the pricing.,Negative
61,AVOID. REFUSE TO LET YOU SHOP DUE TO RUDICULOS CHECKS.. GOODBYE YOU ARSEHXLES,Negative
62,Since AliExpress cannot add alternate delivery address to enable easy and convenient way to receive a parcel without inconvenience. I will stop using it.,Positive
63,there prices are way to high and there deal are still hight,Positive
64,"was a long time user for years, however just encountered a scam seller and no matter how many times I try customer support AliExpress seems more interested in protecting a scammer than helping a long time user. will not be using the platform again if they can't be bothered recovering a measly $37 from a scam seller.",Neutral
65,I will no longer shop with aliexpress due to loss of money and items. I had multiple orders that were attempted delivery once beginning of January and never again i ordered them in December its about to be March and no items. update... I again tried to talk to customer service and now they said my orders weren't paid for when they were and ended my chat in the middle of it... horrible customer service... ive never had an issue before but like i said I will never shop here again.,Negative
66,"I have ordered an item, something happened and i did not get that, i have provided all the evidence for the refund and they decided not to give refunds. I have proven that the mistake was from the seller, item never came to the local curier as it said on the application (also provided evidence for that).",Neutral
67,nice,Positive
68,"for the love of god, please remove that stupid ""buy now"" feature if I can't even have the option to place it into a cart. it's useless and genuinely ruining the entire app.",Neutral
69,amazing app.,Positive
70,"Scammers who refuse to refund you when they make a shipping error. In the UK, for your own sanity, DO NOT choose locker delivery at checkout. Instead, tell Evri to deliver to a locker when they send you the email. Otherwise, AliExpress might send your stuff to a different courier, who will then be unable to deliver to Evri's locker, and you will be unable to get a refund from these scammers. Edit: ""contact the help centre"" what do you think I've been trying to do for the past week",Negative
71,"Most orders canceled the ones that weren't canceled arrived damaged. The return/refund process is a joke. The seller told me to buy a touch-up pen and thought that $5 would cover it. I have one order left, hopefully it's just the box and this app is being deleted. Temu for the win! Best customer service.",Positive
72,it is a hack after personal info see,Neutral
73,i am not spanish all emails come in spanish. it is very annoying. nothing happens following and doing what you said,Negative
74,False promotional prices that disappear at checkout.,Negative
75,Has been a very good app cheap prices and good stuff but now if you use pay after delivery the ask card details. REALLY if i had a card why would i choose a pay after delivery option. i don't use my card and have always used payment after delivery but know I can't even order stuff. Very well ali express,Positive
76,it doesn't even have things to exercise with.,Neutral
77,App has updated waiting to see promotions,Neutral
78,"I've bought many great products from AliExpress, planning to buy many more. Normally quick delivery, thanks Generally, all the products are well made and great quality.",Positive
79,Hipik,Neutral
80,Doesn't work. Buggy. Keeps telling me I have to reset password then says I have unusual activity when I am trying to create a brand new account. WT Fruitcake?,Positive
81,"theres no new suggestions,if u ever search or click on one product itll haunt u forever in the recommendations and everything related to it would be throwed at u even if u ""uninterest"" them.",Neutral
82,it's become trash online service ever. first they changed there prices to higher then stop refunding for eror and reasonable refunds solving now added taxes also means you will pay the payment of order and shipment and tax also which around (40 to 60 percentage of tax). really stupid service,Neutral
83,I've gotten a lot of stuff from here,Neutral
84,"Thumbs up,is there a way to turn on ""dark theme mode"" in the App?",Negative
85,"The welcome gift is a scam. I won 2 free items and also free shipping, but I had to pick a ""discounted"" item to get my gifts! nothing on there is actually free!",Positive
86,They claim that if you don't receive your item you get a refund. I contacted them to let them know I received my order except the Elsa wand I ordered for my granddaughter. I was treated like I was lying and they had to escalate my case to their specialist. I think if I was going to try and get a free item it would be more then the $2 item I didn't receive. Now since I was treated as a thief I'm done with this app. UPDATE: STILL GOT THE SAME BS. DON'T ORDER FROM HERE. RIP OFF,Positive
87,👍,Neutral
88,great. made many good purchases. for myself and my vulcan 650,Positive
89,not giving my money back,Neutral
90,"fraud, run away. they lie, at least temu does returns. dont shop with them!!!!!",Negative
91,Why do I need this app to track my package? Why can't I do it online through a browser exactly?,Positive
92,good,Positive
93,Item never came after contacting them 4-5 times and every time to be told to wait 48 hours someone will get in touch got boring real quick. got a refund through PayPal. scummy and untrustworthy company and now my account is banned.,Negative
94,to much add,Positive
95,shouldn't have to use an app to purchase,Neutral
96,"My experience with Aliexpress is not bad, and they are my best websites to order things",Positive
97,I wish there was a way to clear the messages about orders you've already received from your message center because it makes it very confusing,Negative
98,Very great app good prices and everything it's just the waiting times can be long and stressful when ordering items to recieve it. But overall I got my items I wanted.,Positive
99,i orrderd window tint and that was two weeks ago . still nothing .guess the delivery person wanted the package more .or they just decided not to fill the order and keep the money..Why you think things are cheap on advertising.they keep your money .,Positive
100,this is by far the worst app I have bought 3 products from it and non of them have came and when I contact the shipping company they instantly hang up highly whould not recommend most of the 5 star reviews are probobly bots and this is one of the worst apps do not install or use and the same happend to my friend,Negative
101,"you cannot buy individual pieces. why is it that, is the products for the consumer also or just companies",Neutral
102,delivery to the middle east is very bad; sadly you have to pay the shipping for every item you add. I wish it was like shein or temu in terms of shipping,Negative
103,"what's the point of offering choice bundle orders of items, if your couriers or mail company can't never deliver the items at all in Australia? you make ppl spend more money but they don't receive the goods. then couriers are just wasting time delivering to the wrong addresses or steal them",Neutral
104,"frustrating, sneaky advertising( for example find ads at £10 by time you have picked the specifics it's £100.every time I try to send an item back I get locked out of my account!! the robots you try talk to are beyond useless,like talking to a bunch of scammers from Pakistan/India....by the end of the conversation they have had your pants down & taken your money.... moral of the story....these people are scammers that hind behind bent laws...",Negative
105,prices change at checkout. uninstalled app,Neutral
106,the amount of pop ups and can't buy unless it's this or that. I just want to put stuff in my basket deal or not on the product. but deal this and that when I click on something then takes me to pay. just ad bad as Temu,Negative
107,overly blotted keeps launching itself in the background slowing down my phone very annoying contact your helpless centre ha ha and they have screwed up the messages section plus the search just throws random items not what you're searching for. You want 5 stars rewrite the app into something useful,Negative
108,im still waiting for mine must. be 3 was or more,Positive
109,I ❤️ AliExpress because it's cheap and easy to use and the prices are fantabulous because there are so many different varieties to pick. I recommend everyone to download so I rated this app a 5 star 🌟 🌟🌟🌟🌟 Pee from Palmerston. 👍👌👏🙌❤️,Positive
110,"Easy to use and find items never crashed, straight forward with order updates. BUT Customer service... another ballgame! When I ran into problems with an order: After sharing clear photos of a WRONG item sent, suppliers original packaging, and explicitly showing the issue with a measuring tape, they asked to provide date stamped videos of me unpacking the item!? Ridiculous Save yourselves a headache and buy from a reputable sources, customer service here is non existent.",Positive
111,"Rubbish this is a scam app you will get burnt, i didn't want to give it one star but not able, seems stupid so no stars",Negative
112,if you have this app or you are about to download it I hope you read this review first. This app is full of scammers that just want your money. I have made a few purchases from here over the past few months and both items were lost and it took weeks to finally get a refund. I am reporting this company to the BBB on Monday morning.,Neutral
113,it is a nice app the customer service is good,Positive
114,so far everything I have ordered has been fine and I will order more things as the need them,Positive
115,"AliExpress has a huge variety of products at low prices. Shipping can take a while, but most items arrive as described. It’s a good place to find affordable options if you don’t mind waiting.",Positive
116,"Consistent double tax, no receipt, bad paperwork, no support and no service.",Negative
117,"Ali will claim to protect buyers but has absolutely no integrity. They will turn their back on you even when obvious fraud has occurred and you have documented evidence of this. DO NOT pay their extra fees for ""protection"" you're wasting your time and money. Go through reputable suppliers directly. Buyer beware",Neutral
118,it is okay.,Positive
119,"No way to view a complete order, only individual items. Is this a joke?",Neutral
120,"The ""Scam"" in the System Impossibility of Redemption: Many users on platforms like Reddit report that as soon as the shopping credits become available (often at a specific time, like midnight), they are instantly ""sold out"" within milliseconds. Users feel cheated of the time spent playing games to earn the diamonds, believing the system is designed to be impossible to win, potentially using bots or a very small allocation.",Neutral
121,"Everything is suddenly unavailable, you search for something and tis suddenly gone.",Neutral
122,send fake product,Negative
123,I just want to add things to my cart as normal. The new features are annoying and hard to use,Negative
124,good e commerce,Positive
125,useless in Lebanon supper high shipping rates,Negative
126,"cannot add items to your cart. All items only have ""buy now"" option.",Neutral
127,beware they will send incorrect items and then demand you re package and return it back to them even though they incorrectly sent it to you and then you will recieve nothing but harassing messages daily,Neutral
128,"My first package arrived, but with COUNTERFEIT POSTAGE! I HAD TO PAY AN EXTRA $13.75 TO GET FROM MY LOCAL POST OFFICE! I HOPE THE OTHER 2 DO NOT HAPPEN THIS WAY!!",Neutral
129,I'm not getting my goods,Neutral
130,Ads! *#!,Neutral
131,I'm happy with Everything!,Positive
132,"IMPROVE AFRICAN SERVICES, Not a good app to use if you are ordering from Africa. also stop sending ADs in my Email",Negative
133,if I ever get my refund I'll bump the review up to 5 stars!,Neutral
134,"I entered the number, and then it asked for Gmail. Every time I entered it, it asked again. I tried with two different ones, but it was still the same.",Neutral
135,if you want to return something they ignore you.I have tried to contact customer support and you geta robot telling you they are working on itit is a simple case of you sent the wrong stuff so sort otout.,Negative
136,they haven't gave me my stuff yet,Neutral
137,it agood app for buy old thing buy has high shipping fee,Positive
138,This application is very reable and cheap in price,Positive
139,its very Long,Neutral
140,so cool 😎,Positive
141,"The item I ordered never arrived.... I also reorder, still nothing.... waste of money....on this apk",Negative
142,sold my data within a couple hours,Neutral
143,"ok, I am satisfied now😊",Positive
144,"ι αм ηєω нєяє αη∂ ѕσяяу ι υѕє∂ тнιѕ ƒσηт, ι αм 9 уєαяѕ σℓ∂ αη∂ ι ƒιη∂ тнιѕ νєяу ¢σηƒυѕιηg вυт ι ℓσνє ιт ιт'ѕ ƒυη ωнєяє уσυ gєт αρρѕ!",Neutral
145,5stars,Neutral
146,very good indeed.,Positive
147,"This app allows the costums to collect every package in the same place and place extra charges on the product we buy, even if we pay for the shipping. They also give it to subcontractors that make us pay extra payments for delivery. If you are from Albania, don't use this app.",Neutral
148,"Mostly everything that I bought from them was cheap flimsy junk! especially the clothing, I was new on this site and I bought a lot of stuff, I wish I hadn't, I could have found nicer stuff thrown away in a dumpster. Several items I never even received, when complained I was ignored. No customer service phone number, I tried to cancel a couple orders immediately after I ordered them, It was sent anyway and I was charged for it despite all of the effort that I put in with customer service.",Positive
149,Same same,Neutral
150,what a joke dude,Neutral
151,Broken beast. The Merge Boss game freezes after clicking 'Deliver'. The delivered items disappear and no rewards are issued. Feeling a little robbed after giving AliExpress my time and data without receiving fair reward.,Neutral
152,Best company EVER!!! Great Customer service!!! Lots of other companies should learn what Loyalty means ( I ditched Shein 👎 long time ago)!!!,Positive
153,"won't let me buy anything because the ""authenticating payment"" screen won't stop loading.",Neutral
154,"not going to DOWNLOAD AN APP, just to try to find a part or price.....too many OTHER ads to look at.",Positive
155,"don't install this app. it is lying, doesn't respect protocols, and it's chinese",Neutral
156,very high prices as if they are selling diamonds,Positive
157,"I paid for 5 items, only got 2, and they were broken. Aliexpress refused to refund me even though the shop said they would refund me. I never got a refund. Items were described as silicone and were made of cheap plastic, TOTAL RIPOFF. Terrible service, and I shall not ever be buying again.",Negative
158,"be weary purchasing anything right now from aliexpress they use evri as their main courier service (because its the cheapest) Evri are on the verge of bust and refusing to pick parcels from the airports in the uk. my 2nd order got lost and now my 3rd order is stuck at the airport ""waiting courier pickup"" its been 7 days now and unlikely again I will receive my order. wait ✋️ before purchasing until they sort better delivery's service out.",Neutral
159,"Good Store Great Alipay ,Mpay Gpay",Positive
160,ITS LIKE TEMU WITH A DIFFERENT NAME 🤬 ITS A SCAM!!!!,Neutral
161,Good exprience with most sellers but I can't see their feedback.,Positive
162,perfect!!!!!,Positive
163,You can easily be misguided by the positive reviews of products in the store. Very disappointing experience. The limited review and refund timeframe makes it easy for low-quality sellers to avoid responsibility. Products that break after a month leave buyers with no options. The platform should extend protection to better support honest customers and sellers.,Positive
164,I can biy plows for 67 since,Neutral
165,has stopped accepting my debit/credit card.,Neutral
166,"Terrible customer service if you need to return items. They won't provide a clear return address for large items. Can't use a Po Box with couriers. Too large to send through postal service. Keep getting given the same useless instructions and going in circles!! Very frustrating. I have tried 6 times to get an address but keep getting the same answer. ""follow the instructions"" no-one reads the request. Just terrible",Negative
167,"I can't get this damned thing to upload any photos from my phone. Permissions are fine, but they never upload. I cannot finish dispute resolutions without being able to upload evidence.",Positive
168,This app keeps installing itself without my permission. Big red flag!,Neutral
169,"tone down the notifications. even with all but the 'order update' notifications off, the notifications are still continuous, and unnecessary. and update when it is 'on it's way' and 'delivered' is really all that is needed.",Negative
170,TOO MUCH NOTIFICATIONS AND SPAM!!!!!!,Positive
171,I paid SO MUCH for a few posters and stickers. they cancelled my order and never gave me my money back. I emailed the several times and they never got back to me,Neutral
172,"Terrible App, Havnt received my orders and its been well over a month no refund. They keep replying that someone will get back to me within 24-48 hours so I message every three days and still the same response. Do not buy from here !!!",Negative
173,They don't honor their fast ship program all you get is the run around spend the few extra dollars and get it from tic tok shop,Neutral
174,scam,Neutral
175,ante vayrse,Neutral
176,good,Positive
177,loser app,Neutral
178,"Locked Out before i could ever place an order. 5 day appeal process which would prevent me from getting the new customer discount. I use a vpn, so at this point, I think its just meant to discourage privacy. Dissappointing. I was really excited for the products they had.",Positive
179,very bad. I order clipper.they send me accessories.my money is gone.,Negative
180,so many scams (description not matching the actual product and misleading main pictures) prices are no longer cheap like they used to be,Positive
181,idk its great but just not perfect,Positive
182,رائع,Neutral
183,Ads that push themselves into install on your phones with no choice to say no is the same as technological RAPE! There should be fkn laws against it.,Neutral
184,"The longest time to deliver of all online platform. I placed the order January 11, 2026 delivery was supposedly February 11, 2026 but until today February 17, 2026 it hasn't arrived.",Neutral
185,"As a long term loyal customer it is clear that sellers and aliexpress work together against their customers when problems arise.Misleading adverts, documented verbal abuse from sellers when legitimately complaining, aliexpress really does not care to act, even after appeals.When you order something, your probability of success in return is very low if there is a problem, shipping is often not covered.""contact support so we can help"" is an automated waste of time and endless loop.",Neutral
186,ordered stuff took my money and never received the items,Neutral
187,"usually pretty good always ordering something off of this app,",Positive
188,ممتاز,Neutral
189,very prompt door to door delivery alli expreßs is awesome very reasonable pricing.,Positive
190,I can't upload videos to the app when requesting a refund,Neutral
191,"Awful! I ordered a jacket and I receive pants and when you try to send a video of the fact it doesn't work, because allow videos over 10MB, basically less than 5 seconds, which isn't nearly enough to show proof, total scam avoid this app",Negative
192,Got robbed of my money! Beware buyers!,Neutral
193,good,Positive
194,the shipping fees are way too ridiculous,Negative
195,"good shipping and products, the time of shipping is about 1 to 2 weeks and some are low quality items but still work and I love the dollar express",Positive
196,"Title: Great app, but impossible to pay in Ghana ""I really want to use this app more and give it 5 stars, but I am forced to give it 3 stars because of the payment methods. In Ghana, most of us do not have bank accounts or international cards. We use MTN Mobile Money (MoMo) for everything. There are millions of us ready to buy, but we are stuck at the checkout. If you add MTN MoMo, your app will be the #1 choice in Ghana. Please help us shop by adding local mobile money options!""",Positive
197,The best place to buy Chinese counterfeits at full price.,Positive
198,very good work perfect,Positive
199,HIGHLY recommend no tricks advertisements work perfectly no hidden fees or purchases. Best app!!! ❤️‍🔥,Positive
200,Good Tnx,Positive
201,Keep hanging upon launch.,Neutral
202,"My item was so late that I was overseas when delivery was attempted. Now it's on its way back to the seller and AliExpress are so far are just making me go through appeal after appeal. They claim that it's at my local post office even though I provided a statement from the post office that it's on its way back. They haven't provided me with any evidence that it's with my local post office, despite their claim that it is.",Neutral
203,"App is good. But the courier service you are using is rubbish. The parcels are left at random I have to look for them every time. Last one I could not find. I got a full refund but it is not something that helped me,I needed the product I ordered.",Positive
204,"Minha conta está dando problemas de ""segurança"" na hora de aplicar cupons, porque só para aplicar cupons que dá erro de segurança? Duvido que se fosse uma compra ele iria dar o mesmo bloqueio",Neutral
205,Happy,Positive
206,"I'm trying to get rid of the items in my wishlist that are sold out and such but a lot of the times I click back out of an item I clicked on in one of my wishlist groups it puts me back to the beginning of the app instead of the group of items I'm going through, it doesn't just show which ones are sold out anymore so I have to click on each item to see if its sold out or not, why did you guys change that? its so annoying and hard to go through everything that's saved now",Negative
207,"Bought something with Coins, they shadow banned me after, with the error ""To protect the security of your account, your request can't be processed at this time."" It's been 4 WEEKS+ and I've contacted support at least FIVE TIMES and they are completely USELESS. They kept saying a ""higher team"" will email me regarding the shadow ban, but the emails just kept repeating the same useless garbage like ""log off and in"" like a bot. Also, the app drains 20% battery in 1 hour.",Negative
208,"I avoided using this for years as I had reservations about the quality. Very first time using, I completely understand why I avoided it. the return system is a joke. they basically squeeze you into accepting a partial refund for a broken item. will never use this service again. one and done",Neutral
209,Excellent App! The user experience is topnotched!,Positive
210,Shipping fee is expensive😥🥺😥,Neutral
211,"The exchange of game points for coupons hasn't worked properly since August 2025. Now it's only possible at 1:00 AM, when I need to sleep, and that's if I'm lucky enough to pick up a coupon. The exchange time is measured in seconds. Furthermore, only $1 and $5 coupons are available. Why is this complete nonsense? Either disable the exchange of game points for coupons or make it work as it was before August 2025.",Neutral
212,uninstalled because of the annoying unskippable ads,Negative
213,the ordering is really slow 😞,Negative
214,well I downloaded the app from Google Play and I looked around but I couldn't see anything you see I have a problem seeing anything on a white background you do not have a dark mode or a dark theme so I uninstalled so when and if you ever add or create a dark mode version I will redownload but not until then,Negative
215,Best seller,Positive
216,"It used to be a really good online shopping, with competitive prices and reliable shipping services. But now you cannot choose the shipping method. Aliexpress is now using SpeedX and SpeedX is a scam. They don't have tax number nor registration number here in Australia. There is no physical address, no contact information, and zero customer support. Good luck receiving your package/s. I shopped here since 2015 and now I am going to stop until they remove unreliable courier companies.",Positive
217,funny how the discount is removed as soon as you need to pay,Positive
218,Hi I am having problems with the app I've updated it and also uninstall it and reinstalled it but it won't let me have the free gjft that it says I have won as it keeps saying it doesn't support me viewing local supermarket items please update your app to our latest version I have done please sort this out,Positive
219,"Do not shop on the 3 for 99 cents. They will scam you and make you pay for the original prices for (EACH ITEM) /DONT SHOP HERE AT ALL/ Instead of them giving me my money back, they gave me a bonus to spend ONLY on ALIEXPRESS. This is ghetto🙄",Positive
220,Good app cheap and affordable but I suggested u should be reduce the shipping fee I would buy good of 300 and the shipping fee is 2000 pls do something about it,Positive
221,"Scam. It gave prices for items. I added them to my cart, and once in your cart they cost several times more than that and also the shipping is expensive. It said if I waited a certain number of hours they'd be the promised price so I came back then, and they got even more expensive (the shipping did too). Also, it says you get free items but once you choose them it tells you you also need to buy one of a more expensive item to ""earn"" the free items and makes you confirm exiting multiple times.",Neutral
222,don't know don't use Just don't use it,Neutral
223,"I am reading this one star because\nWhen I ordered something, it was very expensive.And it's telling me that I haven't ordered anything , and i've been waiting for a very long time",Neutral
224,awsome,Neutral
225,السعر مرتفع جدا,Neutral
226,Does the trick but annoyingly email links dont open the app immediately and choice stays on screen for 2 milliseconds,Negative
227,got scammed R4000 on two packages.aliexpress investigaters helped the suppliers to scam me 4k ..they delay the matter while screenshot of evidence was supplied ..they promote suppliers scamming people extra money after ordering I've reported the supplier nothing was done about supplier he still continues scamming other people... be carefully of this app rather us Alibaba for your safety as a customer..,Neutral
228,"prices of items are great, but shipping to south Africa is expensive on some items",Positive
229,I consistently got a pop up saying there was an error and my order could not be completed. Contacting customer service did not help as I just kept getting sent in circles.,Positive
230,شركة حراميه قمت بطلب منتج وظهر ان به خلل (لا يعمل) وعندما طالبت بأرجاعه قالو انهم لا يستطيعون الارجاع ويجب ان اذهب لشركه مختصه بالشحن وارسل لهم الطرد مغلف ثم يتم فحصه الى اخره مع العلم طلب الارجاع تم في نفس يوم الاستلام,Neutral
231,I cancelled an order and there have been no refund.,Neutral
232,App since last updates reboots and I can't use it. Tried uninstalling it and cleaning everything but happens again and again,Neutral
233,scamers,Neutral
234,Way too confusing to navigate cart and prices changing from listed items!,Negative
235,Lies in many prices,Positive
236,it's s really good app and all the products come in good shape and it has affordable prices,Positive
237,You never know what will happen when you click on something.,Neutral
238,great app love it,Positive
239,Product arrived within timescale As described and in good condition,Positive
240,great,Positive
241,good,Positive
242,Be careful when you buy anything fragile from AliExpress. If possible open the item in the presence of the courier agent to confirm it's intact. AliExpress will blame you for the broken item.,Negative
243,Horrible app and customer service.,Negative
244,"Aliexpress is a very nice place to get things at a good price, America cannot compete.",Positive
245,"it loops you around senselessly peddling. .83 cents off orders of 90$ or to get coins for discounts that dont exist. i am satisfied with the shipping , customer service, and most of the products ordered are exactly as described. but too many fake discounts and notifications",Positive
246,"this thing keeps hiding the add to cart button, I don't want to do 10 individual transactions when I'm looking at small adapters, I want to add them to cart so I can continue browsing and comparing, its like the app is actively discouraging me from shopping with it.",Negative
247,My first orders got delivered very fast after just 10-12 days. Now im waiting 20 days for my orders because my order arrives at my region after 6 days and then they wait another 13 days without moving the items and wait for more orders of me to arrive so they can deliver them all together to save money :(,Neutral
248,horrible experience to verify. when they say they have sent email nothing comes to the email at all.,Negative
249,they linked my X account with one of their twitter@aliexpress email when signing in so now i cannot change any of my settings because i do not get any notifications sent to my real email,Positive
250,"Ali is a great app for almost anything you need, items I have purchased have all been exactly what I asked for and wanted and they last a longtime",Positive
251,downloaded from an ad that said three items for $0.99 and I don't see three items for $0.99 can you say false advertisement,Negative
252,Very slow shipping,Negative
253,hiii! question: is this app entirely about fast fashion products?,Positive
254,"prices are all over the place but its still my go to place to get some surprisingly quality goods. give it a shot. also you can talk directly to the seller if you have questions and they answer quickly, and its not a robot 99% of the time I was skeptical of this app but it won me over.",Positive
255,Cheater showing lower price push you to download app once download they will show error this offer finish cheap app and cheap administration,Positive
256,good,Positive
257,Did not receive my potable dryer..my tracking number was scanned at P.O. and was not sent to my address. P. O. stated that my package had another address on it. I only gave my address. l can't understand how this happen. I have no dryer and no refund. l will not deal with this company or the company from where I bought the potable dryer. Really needed the dryer.,Positive
258,"customer support is garbage, time wasting humans who give robotic responses and don't directly address issues. no respect for customer time or effort. 'senior reps' don't address problems they just copy and paste a script... edit in response to AliExpress reply: Where do you think I came from to have this experience... I complain about terrible customer service and robotic replies that don't address the actual concern and your response is to refer me to the same customer service 🤣",Negative
259,it is fast and it is very cheap😘,Positive
260,"I can not buy from their shop. It doesn't allow me to use my real name. Their customer service, even email, is AI and goes in circles. If they don't want me to buy, fine, that's on them.",Positive
261,🚫,Neutral
262,"AliExpress's customer service is the worst of all. they act like they don't understand the problem, give poor solutions unrelated to the issue and they close the case washing their hands. There is no possibility to appeal the decision. all they do is apologize and move on. bad experience.",Negative
263,"Terrible, absolutely terrible. Customer service is either nonexistent or incompetent. Prices are high compared to other similar platforms. Delivery is slow, not so much from China, which takes a while to ship, but from European countries. For example, a package was only shipped to me (and has yet to arrive) from France after two weeks. Product quality is always poor or doesn't match the description on the store page. I can only advise against this app.",Negative
264,I wish I could give it a minus I had a package stolen even have a police report and couldn't get a refund,Negative
265,just too many pop-ups,Positive
266,"Bundles Discounts not showing. Glitch this month when you click Bundles section, it just shows you the price of items at their normal price, not the bundle discount price. You have to use the desktop website if you want the bundles discounted price. Very annoying. Please fix it",Negative
267,Great,Positive
268,this is the good app I'm not going to lie I found garbage items that could explode easily,Positive
269,they take more money out of your account after you place your order and pay. I did the 3 for .99 cents and after shipping fees and taxes my total came to 2.22. I got 2.22 taken out of my account that night and when I woke up and checked my account they ended up taking 14.80 out. and it's been a hassle to get the order cancelled. they cancelled 2 items but still not wanting to cancel the 3rd item.,Positive
270,Bad update. When searching for something and checking product then go back it take you to home page?! Even if you use the arrow to go back same thing happens takes you to home screen. Please fix this issue it's wasting time,Negative
271,"awful experience, cant purchase anything, sends me in a loop of signing in again and again and again. never being able to finish the order. uninstall ed after a few minutes!",Negative
272,gdzie night mode,Neutral
273,I want my refund back it's been since December,Neutral
274,very happy customer. your security is what makes me keep repeating. Blessed to people. Love from Nigeria,Positive
275,cumpărați cu încredere. produsele sunt de calitate înaltă și chiar sunt foarte bune. indiferent de faptul că sunt produse în china nu am avut niciodată problema cu cumpărăturile. ba chiar am prins niște oferte foarte avantajoase la produse de la branduri populare.,Neutral
276,"5 free returns a month. unopened. denied return. buyer beware. reached out multiple times to the customer service. they are not aware, when caught lying about the return process, decided to give up and escalate the issue.",Neutral
277,An interesting app that outperformed among other alternatives.,Positive
278,"Na stronie z punktami, pokazują się losowe zniżki, których nie da się uzyskać. Mocno utrudnia to zakupy. Edit. Okazało się że procentowa zniżka obok produktu uwzględnia też kupon zniżkowy a nie tylko punkty. Nadal uważam że nie powinno tak być, bo jest ikona punktu obok zniżki.",Neutral
279,Cant log in and see my account anymore. forcing Sign in with Google.,Neutral
280,so far I always receive my delivery earlier then stated and never a problem 🤞👌,Neutral
281,I was hesitant from the start and should have trusted my gut. AliExpress is a scam. You wait for ever to get your product and then they robbed you by not giving it the way you ordered. When you complain they put it on you to provide solid proof. The you do that and they say it's still not enough proof. I just lost money. What a scam. Will be reporting this to play store as well.,Neutral
282,I'll stick with shein. This shopping site is a headache to deal with.,Neutral
283,"Works really well and does what it's meant to. The notification can become a bit much but everything can be changed in the settings. Only downside is I'm finding too many things to by, lol",Positive
284,horrible app! I had multiple items in my cart. then suddenly the cart was emptied. I had to search over and fill the cart again. I made my purchase then I was alerted that my order was partially paid. my card was charged 2 times for everything. no customer service number. now I have multiple orders coming. can anyone help me to get a phone number?,Negative
285,why so much tax in Pakistan 😭😭😭,Positive
286,useful,Positive
287,its got alot of more things for your money,Positive
288,I purchased a package but when I found out the delivery guy is speed X I know I was never going to receive the package that I purchased. it's been over 15 days and our customer service has not helped me out.,Neutral
289,bad customer service no problem solution I ordered from temu and already received this platform allows scam sellers,Negative
290,They have been a nightmare to deal with! placed an order saw where it had been shipped and it was in Colorado. I tried to track it again and it said I didn't have an order even though I confirmed it with paypal. first email I got back said they found my order and I should be able to track it now. I wasn't. contact customer service again. they tell me the order doesn't exist with my account to use a different one. I have only ever had one account with them. Now they won't give me a refund!,Positive
291,I paid for my items and the next day they are telling me I owe more. not very happy. I'll go back to temu. they don't double charge your account.,Neutral
292,"Although the app is bloated with collecting points etc, there's plenty of choice, delivery is relatively quick with plenty of notification updates.... The big problem is when you either don't receive your item, it's the incorrect item ordered or it is simply faulty - then your problems begin.... Even after sending plenty of photos, a comprehensive description and videos, AliExpress usually sides with the seller and your problem isn't resolved. Ordering from AliExpress is a last resort for me.",Neutral
293,"terrible service! they misdeliver a package and tell you to pound sand and talk to the courier. I purchase with a store, and am told to talk to the shipper they hire. Make sure you go through your credit card so that you can still get your money back, or better yet DON'T BUY FROM THIS APP developer response edit: who do you think I talked to? customer service told me to contact the courier and would not help me. not even on appeal, it kept being denied when YOUR courier misdelivered it",Neutral
294,"The ads are a lie. You cannot get 3 things for .99 with free shipping. Because when you try, it reloads & says you can't partake because the deal is only for new users. Literally JUST made my account, but okay.",Positive
295,"app won't show any categories to the right of Automotive. Just shows the same stuff, not handy if you're looking for tools...",Neutral
296,love shopping here only the best,Positive
297,they scam me after I pay for the product I buy and mention clearly free delivery but when come to my door they ask me 13 AED so I pay it coz no choice and they are easy to say we will refund it I will not trust U any more scam company like U am not happy at all,Positive
298,ok,Positive
299,app crashes when I search,Neutral
300,stop sending me demandais please,Neutral
301,"excellent shopping experience, I am facing an issue in the app nowadays, pictures of products are not loading, app is updated on the latest version. I checked on different WiFi connections and cellular 4G internet but the problem is still there. please look into this issue.",Positive
302,advertising one thing but sending another. still waiting for their customer service to get back to me on my order,Neutral
303,excellent.,Positive
304,Aliexpress allows sellers to sell non functional products which dont match item descriptions on this platform. be wary!,Negative
305,coins are useless u collect coins but you can only use them from what you viewed should be able to use the on EVERYTHINK,Neutral
306,didn't give me my package at all,Neutral
307,Never got my stuff.. they lied about the mailing source. Don't trust them... I lost out on my money too. TEMU is better,Positive
308,"Las pruebas de 1¢ no funciona, por mas que te aplicas para mas de 100 productos, jamas te eligen. No dispone de DarkMode en todas las secciones, cansa la vista.",Neutral
309,The discounts on the coins page no longer work,Neutral
310,"won one of the games was told not receiving prize not available in my region, what?",Negative
311,I Have never shopped here before but have been blocked from using. Tried the process to unblock and says I have passed the time given to do so. App is unworkable so uninstalled!,Neutral
312,ˡᵒᵒᵏˢ ᵍᵒᵒᵈ ᵃⁿᵈ ᶠᵃⁿᶜʸ,Neutral
313,horrible app full of scammers the customer service does not help customers ever stay away used to be good now is horrible,Negative
314,Greatest app ever,Positive
315,i cant belive the shipping prices on one item i wanted it was £108.00 for shipping thsts ridiculous as its coming from the ssme place as temu & they are free shipping (if i could get the item off temu i would of done) but they are out of stock ....never purchasing anything off here agen,Neutral
316,my country Kenya isn't in the categories,Neutral
317,Issue after issue with item not delivered and no refund or possibility to get adequate response. Customer service pretends to be on your side just to deny any evidence regarding orders not received. Sad to see customer service going downhill.,Neutral
318,it's a great shopping experience.,Positive
319,SO MUCH KATY PERRY THINGS,Positive
320,Doesn't work,Neutral
321,SCAMMERS!,Neutral
322,"Bad support experience; told them they're shipping hazardous and volatile carcinogens that aren't labeled in the shop and shipped like regular goods without user notice, via the regular shipping line of AliExpress, in thin packaging, but their English or IQ is so poor that they don't even understand that. Two out of two cases I had to contact them, same issue. Shipping chemicals to end users like that, and they aren't even aware about the necessary safety protocols.",Neutral
323,a lot better than temu and other apps. definitely recommend it over other apps. deserves alot more stars for rating🙂,Positive
324,ur getting ripped off by AliExpress,Neutral
325,ad said pick 3 free items i picked them then they said it would cost me $8.00 to recieve them how is that free?false advertising,Positive
326,Great app with great products.,Positive
327,"Since 2026 I have to return goods of a values below USD 1.0 that were sent wrong. Aliexpress pays return shipping, so prices will raise. Ofc I asked support on this more than once, but as always: Support is either AI or Morans (get a brain) and ""escalation teams"" just semd standard answers. I will switch to bnggd or tmu, with lower prices. They blocked me from playing games needed for their WorldTour game at 85% completion - all progress lost, and 20 escalated support tickets later: 0 progress.",Neutral
328,it's a scam. People will say you can get a controller for a low price but every controller I see or expensive prices. honestly I will never buy from them every again,Neutral
329,Aelll Done,Neutral
330,👍,Neutral
331,"Scam website. If you don't receive the product they don't replace it or refund it even if they say it everywhere on the website. lost almost a hundred euros and support just say ""git gud"" and that is sad and bye bye. Edit: support said again ""lol u mad""",Negative
332,"Good site and app. Enormous number of products to choose from and one of the best delivery update systems I have seen (better than Amazon). You know where your package is at any time. Product reviews are questionable as you are only able to review products as you receive them. I would also question a lot of the reviews as they are not linked to product. For example, ordered bike tubes and when I used after 4 months, both of them failed due to design faults but not able to provide feedback.",Positive
333,ordered a charger waited for 10 days when it arrived at my county the order was unsucesfull.,Neutral
334,"There's too many bugs in the app atm. When I scroll thru the feed and click on an item, not only is it super slow- but it shows a completely different item. This then throws off the algorithm and then the feed continues to shoe items which aren't of interest. So I haven't even been able to place my first order and get the benefit of the welcome deal because I give up looking out of frustration.",Positive
335,Showed 6 lamp bundle but only one arrived and the remote did not work.,Neutral
336,I have not received my products after 3 months. You bother me several times a day. Yet I cannot get my products from you. Act now. Send my products. i need them.,Neutral
337,$20 shipping is robbery no matter how much you buy! They are deceiving & then won't leave you alone!!!!,Positive
338,"Brought faulty item, refused credit or refund, unable to submit video or pictures due to their site not accepting the files even though format was correct, uninstalling over a mere $12",Negative
339,"They steal your money, even when you refund something you never even received or something that didn't make it to you.",Neutral
340,numerous warnings of delayed shipping! items break consistently after several weeks or months. no refunds for items returned with their shipping labels. Buyer beware! AliExpress falling apart and rapidly losing thousands of customers. full of scams and extremely low quality.,Positive
341,changed my mind ...Ali express rocks,Neutral
342,"Lousy, they substitute for the item that you select and send trash instead. Then they play ignorant when it comes to refunds, their cat toys only work 3-4 days. Major disappointment. App uninstalled.",Negative
343,I still haven't received my refund and the customer service is ABYSMAL.,Neutral
344,"Really sick of the constant pop ups and ads. Just let me purchase in peace ffs. Unable to turn off constant promotional messages from stores, which flood your message center until it's impossible to find important messages. The user experience could not possibly be more frustrating, I do not want to play a stupid mobile game for coins. Absolute masterclass in user-hostile, hateful design.",Negative
345,"AliExpress just started billing shipping fees for products that are marketed as ""free shipping"" for a product that was 7 euros and ""free shipping"" I was charged 5 euros for shipping on delivery. No pay no product. If i was charged that initially i wouldn't have placed the order! That's just not how you do business!",Positive
346,"I have a purchase being shipped. the app doesn't know.about. 0 orders with my account. Pitiful, worst app.ever.",Negative
347,friendly user app easy to deal with 💕,Positive
348,👎👎👎👎👎,Neutral
349,"I paid the 3 for 90p deal and the delivery driver put it in my bin without a notice, they have refunded my the 90p but I can't get anything with it, im asking to get the bundle/deal back.",Neutral
350,They make me return an item but issued no refund.,Neutral
351,"i thought this was going to be like wish or temu, where they make these wild claims of free stuff or discounts under a buck, the weirdest thing happened though, they were telling the truth. now they aren't making extravagant claims like the others, but the ones they are making, they honor them. I have my whole family ordering from them. long shipping times are the only downside, not even enough to knock a star off because they tell you in advance how long it will take.",Neutral
352,I've had enough of purchasing things and then having the item come totally different from what I purchased. or not coming at all and then I get a refund without even let me know that it's not coming. I'm not shopping with them anymore. The sellers are crooks false advertising and just straight up not a good platform to buy things from I give it one star because there's no less than one,Neutral
353,"Best App ever , this one never disappoint",Positive
354,"I always found what to buy there, and shipping took around 12 days to my place.",Neutral
355,"Favorite App on here. Plus the games they have where you can earn coins to shop with. LOVE IT💯🫶💯 Takes some time to learn how it all works, with the games and coins, but it's worth it to me...and it's fun, too!!! One important thing to pay attention to are the reviews from, not just the product, the actual digital store and seller individually. Give it a try, you'll love it!!!",Positive
356,"totally overcrowded app! too much going on. order information cannot be sorted. It's just one stream of data. updates, delivery information etc. often repeated. you can't find the information that matters. you cannot turn off promo spam. the slider just goes back to ""allow"" the products are good, but the app positively is USELESS. stick to the website",Neutral
357,trash. don't buy from this company.,Neutral
358,"Genial, me encanta...",Neutral
359,"First of all, I would like to congratulate AliExpress on its wonderful job but nowadays shipments to Ghana are very slow compared to the past years and I would like the board members to address this issue on our behalf and fix the problem we are facing. I hope my humble request will be put into consideration. Thanks.",Positive
360,Okay for cheap things. The games will lead you down a 30 day or 100 day challenge to win points for which you can never cash and challenges with irritating tasks like completing 10 levels of the rush game - the worst and longest to play,Neutral
361,This application is a joke. Legitimate complaints do not get taken seriously. I have given up asking why the products I paid for have not been delivered.,Negative
362,"app is failing platform suppliers dishonest and Chinese companies are favored in disputes I got scammed ,10k Alibaba guarantee was useless!",Neutral
363,nice update but the filter is not working specially free shiping option is not accurate and what is with shipping too expensive,Neutral
364,bht Acha app h............,Neutral
365,never shopped there yet,Neutral
366,this is the worst app I have ever used. it doesn't deliver your packages it will keep saying delivery issues and not even sure if it will give me the refund I requested because I know it will not get delivered when I know my own address. do not use this app plus it takes too long for packages to get here and u talk to a bot if u have any issues. you are better off sticking with Amazon and temu and Walmart or anywhere else but here true rip off this site is. do not use at all,Positive
367,They deliver👌,Neutral
368,it's 👍,Neutral
369,bad customer service!,Negative
370,I've been to make the account ever since I download this app.It is not working every single time is always being slow and it tells me that my account is locked and I have to regain access.I do every Gmail I have.This is the worst app I ever had i don't even write views.But this is the worst app that I have to,Negative
371,great so far,Positive
372,very late delivery,Negative
373,Tell us more ( optional) ❤️🇸🇦,Positive
374,The worst company ever See you at the court.,Negative
375,good cool stuff. but they ship soooo slowly and most the time they don't ship so come the expected delivery date the order gets canceled cause they haven't shipped it. useless app.,Positive
376,goods apps,Neutral
377,"love this app, especially if you like online aesthetics. great for trinkets and accessories but the bigger you go, the quality scales down. i buy press on nails, shoes, hair clips, etc. You do get what you pay for but if you do your due diligence you can get some good stuff! Things I've bought years ago i still use to this day with no issues! If you buy things that are hard to break regardless of quality (e.g desk mats, enamel pins...) you trade price for speed tho, delivery to US is 2-4 weeks",Positive
378,i prefer the website. the app is buggy and doesn't offer much.,Positive
379,scamers heaven. do not use it you will get scammed. 99% of the vendors are scammers.,Neutral
380,"The ULTIMATE in transparency! You can speak/see live the seller. Knowing exactly where my money goes is paramount. Small B2B is refreshing and hopefully with the tariff reduction we, (humans living on planet earth)can (only wish) to actually make some money.",Neutral
381,למה זה לא מוריד לי ניסיתי אד 24 שאות אפילו יתמול,Neutral
382,"Only use AliExpress for cheap items & be prepared to write it off. In my case: 10 orders, all addressed correctly, arrived(2 got stuck for weeks, 7 got just dumped nearby). No 11 arrived at our airport on Jan 31, but wasn't handed to customs for 17 days! Customs cleared it in 11 hrs. 7 days later, without even bother to arrange a last mile / local courier: ""recipient uncontactable"". Now AliExpress wants me to contact the courier in China on the chinese only website and no end-consumer support.",Neutral
383,buy from these guys,Neutral
384,"EDIT: I already contacted customer service countless times, but it was just a WASTE of time... It's unhelpful. The app is getting worse every day... More complicated, uncomfortable and more difficult to get discounts... Not too mention the annoying bugs and errors in the app notably the World Tour Go Missions that immediately turn into a loop of ""5 levels of Rush Hour"" every task... A lot to talk about, but can't say everything in this review. So, I'll give the lowest review, sorry.",Negative
385,"Unable to add items to cart, only options is to buy now.",Negative
386,has gone downhill in recent years. I have been a loyal customer since 2010. the dispute process has become overcomplicated and some couriers used like Cainao are not reputable they mark parcels as being delivered and do not respond to enquiries. if you order from this platform ensure the seller is using imile courier they provide photos as proof of delivery. edit: any appeal or escalation ends in the same way. items that arrive faulty or damaged good luck trying to go through the dispute.,Positive
387,Fraud app. Ordered two times and never received product. They do not provide refund for undelivered product . Stay away.,Neutral
388,"no I love apps like this I am a consistent temu fanatic, but upon downloading this app I was promised to free gifts placing my first order and becoming a new customer, and yet I placed my order right after I chose my gifts and surprise surprise my order was confirmed and now I'm not eligible for my free gifts for some reason total rip-off they just lied to get me to sign up very very bad experience I'll stick with TeMU",Neutral
389,if u shop online YOU are a FOOL if you don't use AliExpress,Neutral
390,my favorite ❣️😍🥰,Positive
391,gud app,Neutral
392,Worst customer service ever,Negative
393,I love them I got stuff from them two years ago and it still works that's why I'm still on this platform. So don't think it's like temu cause it's not have a good day,Positive
394,Ever since I bought some items from Aliexpress my inbox has been flooded with phishing emails from fake different domains every day! They are leaking my information to the sellers who I believe are spamming me. I'm not buying from here anymore. Plus they use speedx delivery service which the drivers dumps my packages on the side of the road anyways.,Negative
395,"I didn't recieved my order, and ots already paid. They will call about the address for many times till then they don't deliver my order. I will never use apps. Anymore its a big scam...",Positive
396,"is just the next fake app. the prices are expensive, the description is aways incorrect. the searching algoritem present pears when you search tommatos, but the worst thing that they claim buyer protection if your item delay whicj is not true anx if you want to contact the support to ask about it. Simple -the is no option to reach the support or if there is, is heeden somewhere deeply. just avoid it. aliexpress is not what was years ago.",Negative
397,"I downloaded the app and ordered a wedding dress... and I specially checked if I can return the dress.. on the site it was mentioned that you can return the order for free if you are not satisfied.but I had very horrible experience,i didn't like the dress on me, so I asked to return but the seller very bluntly said no, you have to pay the return. than after opening the dispute and discussing almost for 3 weeks.i lost the case and all my money is wasted. so Ali express is not a good platform..",Neutral
398,Yep my mom had a reason why she told me this is a scam like why is it stuck in transit and then telling me that its gonna take longer probably its never gonna come stupid scammers,Negative
399,"Update: My experience with AliExpress has improved a bit. It’s very useful for parts I need as someone who does DIY projects and repairs, but it’s not ideal for everyday purchases since shipping can be very expensive. Overall, it’s ok.",Neutral
400,"Sellers are scammers that lie about shipping items, the people that run this app don't want your money. Spend it somewhere else.",Neutral
