record_id,source_index,userName,score,content,at,thumbsUpCount,Sampling_Label,Rating_Annotator,has_negation
1,34,See Ro,5,l'app è meravigliosa ma vogliamo di nuovo per i nuovi utenti l'offerta del 0.99€ oppure 3 articoli con 3€ di disconto,2026-03-12 07:21:47,0,Neutral,Positive,False
2,686,Joseph Farley,1,So I'm a pretty new user to this app and I've tried buying things on there. However recently I purchased a few items that either didn't work had the wrong description and I even had one purchase that I purchased because the first transaction didn't go through so I purchased it again and they sent me duplicate. After receiving these items this company would not take them back and I am out a few hundred dollars and hours and hours of time trying to get them to confirm the return. Stay away,2026-02-22 06:09:00,4,Positive,Negative,True
3,663,Merritt Rahn,2,tried to order several items which took me forever. it's the most user unfriendly app I ever used. when I tried to pay for whatever reason it wouldn't take my card. . when I tried to use another card it completely erased my order. I tried to contact Ali and it was virtually impossible. I immediately Uninstalled the app.,2026-02-23 00:27:27,0,Negative,Negative,False
4,547,Susannah Blood,5,this company responds quickly,2026-02-26 00:11:27,0,Neutral,Positive,False
5,411,Barbara Ranse Hammonds,3,takes a week or so after you order to even get shipped out. I don't see a good reason for waiting so long.,2026-03-01 14:44:22,1,Negative,Neutral,True
6,306,Jay Bee,2,"Deleted the app, TOO many scam and dodgy items on the site,also the app was a bit muddled, compared to the main website... 2026... let's try again & see if things have improved 🤔",2026-03-04 13:35:12,0,Negative,Negative,False
7,504,Roy Ellis,5,I have had no issues with this site deliveries and products are as they described very good information on were the package is.,2026-02-27 06:54:07,0,Positive,Positive,True
8,775,Willie Hooper,1,this is one of the worst delivery apps I have ever seen in my life!!! they don't have a working number to contact customer service period and it's been 3qeeks since I placed my order but yet still nothing. Guys please do not order nothing from these people they will take your money and everything about them are a complete scam heads up...,2026-02-19 17:05:24,0,Negative,Negative,True
9,844,hamzah mayanja,5,exceptional app,2026-02-17 16:19:55,0,Neutral,Positive,False
10,708,Adams Mallory,1,I never down loaded this app i got hacked,2026-02-21 16:21:38,2,Negative,Negative,True
11,133,Liam Schrape,1,"Buyer Beware! I bought a ""lego style"" brick building kit for my son. It was some time after purchase when he finally started working on it. The quality was very poor, even with adult assistance, the toy would fall apart with the slightest movement... even when trying to add the next pieces to the model! Aliexpress and the seller (Mi Ya TOY)neither will take responsibility or make a good-will refund or credit. Moral of the story - check all purchases for quality quickly when you receive them!",2026-03-09 07:04:42,0,Negative,Negative,True
12,493,Kerri,5,My most favorite shopping app!!,2026-02-27 13:07:43,0,Positive,Positive,False
13,798,sravanthi dodda,1,I have negative expectations in this app please don't download this one there told free return available but there don't take return there will send damaged pieces,2026-02-19 00:13:18,0,Negative,Negative,True
14,594,Fahad Al Maliki,2,they have some problem if you return item. they not return back!!! will not buy something expensive it's piece of advice your money they will fly awy,2026-02-24 19:12:46,1,Negative,Negative,True
15,222,Edward Dibartolo,1,my packige dident come. ive bean scamed i whant 30$ in damage if you whant to call me aliExpress find out your self. warning: dont buy things here because you will get scamed and noy get your packige. it sead that it had bean delivered. what a wast of money.,2026-03-06 09:39:39,0,Negative,Negative,True
16,412,Lua,2,"It was a very pretty good app, and much faster compared to the website. However, besides it yields to many annoying (and irrelevant) notifications, it charged my bank card twice today for the orders without arranging them into the shipping section. The orders were just silently ignored, but the money were charged.",2026-03-01 14:15:55,1,Negative,Negative,False
17,734,microRiZu,1,"item cost to Pakistan, 10 $, tax 15$ what a joke, all items are affordable at first glance then at checkout you pay at least 90% to 150% of item's actual value, it's not even funny ! it wasn't like this back in early 2025 I ordered many things. fix your shipping, I'm ordering items from Chinese sellers and have to pay 0.50$ at most upon receiving parcel to my door. AliExpress has become a big JOKE. maybe use yunexpress????",2026-02-21 02:21:18,3,Positive,Negative,True
18,527,tracy nyaoro,5,excellent,2026-02-26 14:46:00,0,Positive,Positive,False
19,252,William Appleget,5,"as a watch builder, this site is it",2026-03-05 16:30:01,0,Neutral,Positive,False
20,7,Charles Jenkins,5,I like the app I've only had it a couple days but it is better than doing surveys,2026-03-12 20:00:07,0,Positive,Positive,False
21,297,Carol Breshears,1,Scam vendors,2026-03-04 17:31:30,0,Negative,Negative,False
22,42,Eyo Peter,3,"if you are ordering from Nigeria just know that it's a one way trip. if item is damaged, you won't be able to return it. I've lost serious money because of this. almost 100k after one of the sellers sent me a amoled display that doesn't work. the platform doesn't have a realistic return logistics for Nigeria like temu. so if you can take the risk then go ahead.",2026-03-12 01:16:13,1,Negative,Neutral,True
23,35,Senzo blessing Cele,5,yes I will pay,2026-03-12 06:20:22,0,Positive,Positive,False
24,389,Harrison,1,"loved it! until it started to flag an cancel my orders and no one would do anything to fix it!! there ridiculous system has lost my business!! I was really enjoying buying these figures from a seller on here. made a ton of purchases. then one night I try to pay with pay pal it kept kicking me out so im like whatever and used my card ! it flagged the order and asked me to appeal send them my ID, CC information and bank statements I did that it took forever then it proceeded to do it 2 more times!",2026-03-02 05:16:43,1,Positive,Negative,True
25,920,Sultan Awan,1,"Worst experience with them I ordered a watch value of 108$ and received empty package and record a video before opening of parcel that parcel was super slim but Ali Express rejected the refund and help line is also not providing any solution, they are total fraud don't buy from them",2026-02-15 11:30:27,3,Negative,Negative,True
26,945,Joshua Kofi Himil,2,Please we will be happy if you can help introduce mobile money payment in your system. it will help we those in Ghana. and try to get office across Ghana like jumia.,2026-02-14 17:15:20,0,Positive,Negative,False
27,414,Rickard Terfelt,3,"update: After yet another contacts with aliexpress, i got my refund. However that cost a lot of time! ‐------- I have shopped a lot from Ali in resent years, and problems have mostly been resolved if proof of problem gave been given, but now proof is not enough. I got a obvoius scam, a package with only wrapping in it, no goods at all! Several communication sessions with pictures and video with Ali (and seller) in wain. Still they now ask for more proof, and disregarded my claim!",2026-03-01 13:44:18,1,Negative,Neutral,True
28,964,Petter Blomkvist,1,Their costumer service led me on for 2 weeks waiting for buyers protection to run out for the counterfeit product I was sold. Do not use this site,2026-02-14 06:53:50,1,Neutral,Negative,True
29,209,Gracey Kangwa,5,products are received as ordered but they take long to be delivered,2026-03-06 19:18:51,0,Neutral,Positive,False
30,855,Robert Long,1,Worst rhapsody of all time! At least I only lost 16 American Dollars,2026-02-17 08:57:27,0,Negative,Negative,False
31,105,Kinsley,5,I love it 😀,2026-03-10 01:40:24,0,Positive,Positive,False
32,207,Lillian Ames,1,nothing but scammers,2026-03-06 20:10:48,0,Neutral,Negative,True
33,473,Mike,1,I have to wait longer than 3 days for two things to get shipped at me,2026-02-28 00:19:57,1,Neutral,Negative,False
34,284,Aarti Rawal,1,There are scam shops; they mention some items and send others. don't trust on this app,2026-03-05 00:08:44,0,Negative,Negative,True
35,739,Md Mehedi12,1,ভালো না😔😔,2026-02-20 22:15:56,0,Neutral,Negative,False
36,59,D Bier,1,"absolute garbage. I dint suggest this app, as when you make a purchase over $50, and its stolen, you lose your money, time, and sanity. there is no customer service and theres even less in these low quality items I tried to get a refund for stolen package 5 times!, they said prove it... how does one do that? how can I prove that i shook a person's hand i just met. app is stupid and pointless. go to Temu.",2026-03-11 13:52:46,0,Negative,Negative,True
37,544,Nick Worrell,1,"Customer service nightmare! if you have a package with fast shipping selected, it'll never arrive on time and they will never fulfill their claims of refund, 1$ if late, or coupon on your next order. I have multiple packages from separate orders that were ordered months ago. talking with customer service doesn't yield anything other than false understanding and fake sympathy. infuriating, especially when they feed me a fake tracking number that wants me to sign into Amazon to view tracking info",2026-02-26 01:05:18,5,Negative,Negative,True
38,654,Terri Turner,5,can you say amazing prices?,2026-02-23 09:58:06,0,Positive,Positive,False
39,80,Ti to,5,شكرا لجهودكم,2026-03-10 23:33:12,0,Neutral,Positive,False
40,872,Mohamed Ibrahim,1,ازعاج وكل شويه ايميل,2026-02-16 19:50:44,0,Neutral,Negative,False
41,956,J Solo Project,5,great to shop with.,2026-02-14 12:27:29,1,Positive,Positive,False
42,475,Claire Mole,1,ordered from there. they then decided to order something for themselves of nearly £40. Scammers stay away. quality of items isn't great either. DO NOT ORDER FROM HERE,2026-02-27 22:54:01,2,Negative,Negative,True
43,100,Angela Stern,1,garbage no comment,2026-03-10 06:11:01,1,Negative,Negative,True
44,524,Vako Maglakelidze,1,so cool frk ai ad it's fake everything fake,2026-02-26 17:43:59,1,Negative,Negative,False
45,13,Nyanda,2,"These people are scammers, if you buy something that comes in bulk or that is more than one, (like the turquoise rings, that comes in more than one size, a mix, that comes in 20/30pcs, that I have not received) , they don't show up mysteriously, and they blame you and the carrier. but items that were bought that is single items or set, oh those show up fine no problem. then they don't want to refund you back anything. These are not honest, or godly people, it's a facade to sale their products.",2026-03-12 18:47:06,1,Negative,Negative,True
46,783,Surv. Anthony Kwesi Takyi Turkson,1,I placed an order and made payment but the order still shows that the order is awaiting payment. And customer service doesn't seems to have a way to help.,2026-02-19 11:53:13,0,Positive,Negative,False
47,81,Eric Laforge,1,I always get scammed. They always find a way.,2026-03-10 23:15:15,198,Neutral,Negative,False
48,264,Vlad True,2,"Возникли проблемы со входом, потом с данными в моем аккаунте, у меня пропала вся информация о покупках, и я не вижу трекинги. Служба поддержки отреагировала на мое обращение, потом начали давать бесполезные советы о чистке браузера, и как получить посылки в моем отделении. Трекинги и информация где и что купил утеряны, сказали что больше не могут ничего сделать. 3 недели я на нервах ждал дойдут ли посылки, дошли. Связь с продавцами так и не восстановили, только давали циклические отмазки.",2026-03-05 11:27:02,0,Neutral,Negative,False
49,373,Canea Callery,1,I have been robbed on here by either aliexpress or evri . either way I can not allow myself to be apart of this app. I have had 3 deliveries delivered to the incorrect address. the tracking GPS clearly shows a different location than my address. after contacting aliexpress customer service I was told there is nuffing I can do i need to contact the delivery company. if any one in the UK has ever contacted evri they will know the stress .,2026-03-02 13:48:56,1,Negative,Negative,True
50,664,MD Mamunur Rashid Mamun,5,All everything is goods,2026-02-22 23:46:36,0,Neutral,Positive,False
51,366,teleportation_ noises,2,the ads. I'm unsure if you people have control over it or not. BUT PLEASE STOP HAVING YOUR ADS AUTO OPEN THE APP. I LOVE ALIEXPRESS BUT IM SO SICK OF IT😭,2026-03-02 16:03:41,1,Negative,Negative,True
52,523,Farah Naz,5,Best for Online Products,2026-02-26 17:51:38,0,Positive,Positive,False
53,360,seun david ademola,4,Good app,2026-03-02 20:06:12,0,Positive,Positive,False
54,367,callum Williams,1,"I had my package left outside of my property, opposite a park, my items have been stolen and they refuse to do anything to resolve the issue. that's not to mention the delivery dates which take weeks to month's, and the low quality tat that ends up arriving. awful ap",2026-03-02 15:42:58,1,Negative,Negative,True
55,443,Michelle Cooley,5,Absolutely 💯 love AliExpress app,2026-02-28 22:18:25,0,Positive,Positive,False
56,263,Ken Elliott,1,"ayear or so has passed. and still ZEEO 25/10 ZERO STARS. PRIZE DRAW IS A CONFIDENCE TRICK. VERY MISLEADING, AVOID. ZERO STARS. 21/10 The worst thing is fakes prompted to the top of searches and sales. The updated prize draw, huge disappointment, both in time wasted and prizes. and still locks up. 6/9. Frozen and crashes regularly since Prize Draw update. Broken like EVA and the help.",2026-03-05 11:40:04,12,Negative,Negative,False
57,175,Irina kalpacka,5,страхотно,2026-03-07 21:45:13,0,Neutral,Positive,False
58,489,tuffguy48,1,I didn't install this app it installed it self when I installed an other app,2026-02-27 16:05:39,1,Neutral,Negative,True
59,743,Who Who,1,I have ordered from them twice. The first time it came in late and damaged. The second time I have yet to receive my package. No way to get customer service. if you order plan on waiting for a few weeks and then have to cancel your order. Also the website is almost impossible to read the print. I've tried everything to increase it on my phone.,2026-02-20 19:14:24,0,Negative,Negative,True
60,9,e G,1,Imma have to give this one star ⭐ only because of it's false advertisement on the pricing.,2026-03-12 19:22:18,0,Neutral,Negative,False
61,501,Jon L,1,AVOID. REFUSE TO LET YOU SHOP DUE TO RUDICULOS CHECKS.. GOODBYE YOU ARSEHXLES,2026-02-27 09:24:36,1,Negative,Negative,False
62,983,AZEGBOBORSon,2,Since AliExpress cannot add alternate delivery address to enable easy and convenient way to receive a parcel without inconvenience. I will stop using it.,2026-02-13 17:05:21,1,Positive,Negative,True
63,733,Brittany Behnk,2,there prices are way to high and there deal are still hight,2026-02-21 04:25:41,1,Neutral,Negative,False
64,883,choppa,1,"was a long time user for years, however just encountered a scam seller and no matter how many times I try customer support AliExpress seems more interested in protecting a scammer than helping a long time user. will not be using the platform again if they can't be bothered recovering a measly $37 from a scam seller.",2026-02-16 15:50:22,0,Negative,Negative,True
65,773,Ka'Nia Glass,1,I will no longer shop with aliexpress due to loss of money and items. I had multiple orders that were attempted delivery once beginning of January and never again i ordered them in December its about to be March and no items. update... I again tried to talk to customer service and now they said my orders weren't paid for when they were and ended my chat in the middle of it... horrible customer service... ive never had an issue before but like i said I will never shop here again.,2026-02-19 19:02:19,16,Negative,Negative,True
66,345,Miloš R.,1,"I have ordered an item, something happened and i did not get that, i have provided all the evidence for the refund and they decided not to give refunds. I have proven that the mistake was from the seller, item never came to the local curier as it said on the application (also provided evidence for that).",2026-03-03 10:33:10,1,Negative,Negative,True
67,965,adejoh ben,5,nice,2026-02-14 06:15:52,0,Positive,Positive,False
68,688,A'Jewell Davis,1,"for the love of god, please remove that stupid ""buy now"" feature if I can't even have the option to place it into a cart. it's useless and genuinely ruining the entire app.",2026-02-22 04:23:02,1,Positive,Negative,True
69,918,Yuvinalis Mwamba,5,amazing app.,2026-02-15 11:48:33,0,Positive,Positive,False
70,182,parky,1,"Scammers who refuse to refund you when they make a shipping error. In the UK, for your own sanity, DO NOT choose locker delivery at checkout. Instead, tell Evri to deliver to a locker when they send you the email. Otherwise, AliExpress might send your stuff to a different courier, who will then be unable to deliver to Evri's locker, and you will be unable to get a refund from these scammers. Edit: ""contact the help centre"" what do you think I've been trying to do for the past week",2026-03-07 16:18:37,1,Negative,Negative,True
71,934,Ed Crotty-Flieger,1,"Most orders canceled the ones that weren't canceled arrived damaged. The return/refund process is a joke. The seller told me to buy a touch-up pen and thought that $5 would cover it. I have one order left, hopefully it's just the box and this app is being deleted. Temu for the win! Best customer service.",2026-02-14 23:12:55,3,Positive,Negative,False
72,581,Dale DuBowik,1,it is a hack after personal info see,2026-02-25 02:20:24,1,Neutral,Negative,False
73,173,Roeleen Bloemhof,2,i am not spanish all emails come in spanish. it is very annoying. nothing happens following and doing what you said,2026-03-08 00:34:54,0,Negative,Negative,True
74,377,Abey Mathew,1,False promotional prices that disappear at checkout.,2026-03-02 10:25:42,1,Negative,Negative,False
75,317,God Ussop,2,Has been a very good app cheap prices and good stuff but now if you use pay after delivery the ask card details. REALLY if i had a card why would i choose a pay after delivery option. i don't use my card and have always used payment after delivery but know I can't even order stuff. Very well ali express,2026-03-04 06:05:05,0,Positive,Negative,True
76,452,Mario Guerrero,1,it doesn't even have things to exercise with.,2026-02-28 17:19:33,0,Neutral,Negative,False
77,657,Lency Gooden,5,App has updated waiting to see promotions,2026-02-23 08:13:14,0,Neutral,Positive,False
78,400,Chris Mules,5,"I've bought many great products from AliExpress, planning to buy many more. Normally quick delivery, thanks Generally, all the products are well made and great quality.",2026-03-01 21:52:31,0,Positive,Positive,False
79,484,zadarn Asd,4,Hipik,2026-02-27 20:26:53,0,Neutral,Positive,False
80,828,4TheMostHighJesus #1 (4themosthighjesus),1,Doesn't work. Buggy. Keeps telling me I have to reset password then says I have unusual activity when I am trying to create a brand new account. WT Fruitcake?,2026-02-18 02:29:06,0,Positive,Negative,False
81,166,Hazator,1,"theres no new suggestions,if u ever search or click on one product itll haunt u forever in the recommendations and everything related to it would be throwed at u even if u ""uninterest"" them.",2026-03-08 04:26:35,1,Negative,Negative,True
82,290,عبدالله الهاشمي,1,it's become trash online service ever. first they changed there prices to higher then stop refunding for eror and reasonable refunds solving now added taxes also means you will pay the payment of order and shipment and tax also which around (40 to 60 percentage of tax). really stupid service,2026-03-04 21:45:23,0,Negative,Negative,False
83,967,Jessica,5,I've gotten a lot of stuff from here,2026-02-14 04:33:39,0,Neutral,Positive,False
84,198,Akun John,4,"Thumbs up,is there a way to turn on ""dark theme mode"" in the App?",2026-03-07 02:14:24,0,Neutral,Positive,False
85,436,Seren,2,"The welcome gift is a scam. I won 2 free items and also free shipping, but I had to pick a ""discounted"" item to get my gifts! nothing on there is actually free!",2026-03-01 02:52:31,1,Positive,Negative,True
86,648,Robin Gillam,1,They claim that if you don't receive your item you get a refund. I contacted them to let them know I received my order except the Elsa wand I ordered for my granddaughter. I was treated like I was lying and they had to escalate my case to their specialist. I think if I was going to try and get a free item it would be more then the $2 item I didn't receive. Now since I was treated as a thief I'm done with this app. UPDATE: STILL GOT THE SAME BS. DON'T ORDER FROM HERE. RIP OFF,2026-02-23 12:02:53,1,Negative,Negative,True
87,388,T K Vines,3,👍,2026-03-02 05:21:55,0,Neutral,Neutral,False
88,762,Ryan Barron,5,great. made many good purchases. for myself and my vulcan 650,2026-02-20 05:01:26,0,Positive,Positive,False
89,622,Shadell Beggs,1,not giving my money back,2026-02-24 02:17:08,2,Negative,Negative,True
90,935,tsh,1,"fraud, run away. they lie, at least temu does returns. dont shop with them!!!!!",2026-02-14 23:08:02,0,Negative,Negative,True
91,14,Karl Carroll,3,Why do I need this app to track my package? Why can't I do it online through a browser exactly?,2026-03-12 18:00:39,0,Neutral,Neutral,True
92,85,Atif Ahmed,5,good,2026-03-10 17:21:46,0,Positive,Positive,False
93,390,Simon Leigh-Lancaster,1,Item never came after contacting them 4-5 times and every time to be told to wait 48 hours someone will get in touch got boring real quick. got a refund through PayPal. scummy and untrustworthy company and now my account is banned.,2026-03-02 04:13:29,3,Negative,Negative,True
94,676,Trae Patterson,1,to much add,2026-02-22 14:52:56,0,Neutral,Negative,False
95,503,Bronwynne Theodossio,1,shouldn't have to use an app to purchase,2026-02-27 09:15:32,1,Neutral,Negative,False
96,778,Ben Love,5,"My experience with Aliexpress is not bad, and they are my best websites to order things",2026-02-19 15:21:20,0,Positive,Positive,True
97,646,Terry Steele,4,I wish there was a way to clear the messages about orders you've already received from your message center because it makes it very confusing,2026-02-23 13:49:57,1,Positive,Positive,False
98,331,Devin Santana Haraseb,5,Very great app good prices and everything it's just the waiting times can be long and stressful when ordering items to recieve it. But overall I got my items I wanted.,2026-03-03 21:01:15,0,Positive,Positive,False
99,53,Jo Carbonell,1,i orrderd window tint and that was two weeks ago . still nothing .guess the delivery person wanted the package more .or they just decided not to fill the order and keep the money..Why you think things are cheap on advertising.they keep your money .,2026-03-11 17:23:22,0,Neutral,Negative,True
100,2,Samarth Sandeep,1,this is by far the worst app I have bought 3 products from it and non of them have came and when I contact the shipping company they instantly hang up highly whould not recommend most of the 5 star reviews are probobly bots and this is one of the worst apps do not install or use and the same happend to my friend,2026-03-12 22:14:26,0,Negative,Negative,True
101,817,PAPA _DOC SOFTASME,1,"you cannot buy individual pieces. why is it that, is the products for the consumer also or just companies",2026-02-18 14:37:25,0,Neutral,Negative,True
102,403,Sajida,1,delivery to the middle east is very bad; sadly you have to pay the shipping for every item you add. I wish it was like shein or temu in terms of shipping,2026-03-01 19:10:45,1,Negative,Negative,False
103,683,Tara w,1,"what's the point of offering choice bundle orders of items, if your couriers or mail company can't never deliver the items at all in Australia? you make ppl spend more money but they don't receive the goods. then couriers are just wasting time delivering to the wrong addresses or steal them",2026-02-22 07:49:58,1,Negative,Negative,True
104,556,Simon Pickering,1,"frustrating, sneaky advertising( for example find ads at £10 by time you have picked the specifics it's £100.every time I try to send an item back I get locked out of my account!! the robots you try talk to are beyond useless,like talking to a bunch of scammers from Pakistan/India....by the end of the conversation they have had your pants down & taken your money.... moral of the story....these people are scammers that hind behind bent laws...",2026-02-25 16:38:15,2,Negative,Negative,False
105,248,Nicole Stanton,1,prices change at checkout. uninstalled app,2026-03-05 17:26:15,0,Neutral,Negative,False
106,565,Kyra Robins,1,the amount of pop ups and can't buy unless it's this or that. I just want to put stuff in my basket deal or not on the product. but deal this and that when I click on something then takes me to pay. just ad bad as Temu,2026-02-25 12:42:06,1,Negative,Negative,True
107,988,William Boardman,1,overly blotted keeps launching itself in the background slowing down my phone very annoying contact your helpless centre ha ha and they have screwed up the messages section plus the search just throws random items not what you're searching for. You want 5 stars rewrite the app into something useful,2026-02-13 11:39:14,3,Negative,Negative,True
108,894,Kay Harris,1,im still waiting for mine must. be 3 was or more,2026-02-16 00:04:06,2,Neutral,Negative,False
109,525,Peah Dorante,5,I ❤️ AliExpress because it's cheap and easy to use and the prices are fantabulous because there are so many different varieties to pick. I recommend everyone to download so I rated this app a 5 star 🌟 🌟🌟🌟🌟 Pee from Palmerston. 👍👌👏🙌❤️,2026-02-26 16:29:38,0,Positive,Positive,False
110,704,Rohit D,1,"Easy to use and find items never crashed, straight forward with order updates. BUT Customer service... another ballgame! When I ran into problems with an order: After sharing clear photos of a WRONG item sent, suppliers original packaging, and explicitly showing the issue with a measuring tape, they asked to provide date stamped videos of me unpacking the item!? Ridiculous Save yourselves a headache and buy from a reputable sources, customer service here is non existent.",2026-02-21 19:34:24,3,Positive,Negative,True
111,183,Simon Jewry,1,"Rubbish this is a scam app you will get burnt, i didn't want to give it one star but not able, seems stupid so no stars",2026-03-07 16:13:24,1,Negative,Negative,True
112,200,Nanci-lee,1,if you have this app or you are about to download it I hope you read this review first. This app is full of scammers that just want your money. I have made a few purchases from here over the past few months and both items were lost and it took weeks to finally get a refund. I am reporting this company to the BBB on Monday morning.,2026-03-07 01:38:27,1,Positive,Negative,False
113,498,David iwu,3,it is a nice app the customer service is good,2026-02-27 10:05:12,0,Positive,Neutral,False
114,146,Rick Hess,5,so far everything I have ordered has been fine and I will order more things as the need them,2026-03-08 19:14:09,0,Positive,Positive,False
115,870,Javanti Harrison,5,"AliExpress has a huge variety of products at low prices. Shipping can take a while, but most items arrive as described. It’s a good place to find affordable options if you don’t mind waiting.",2026-02-16 22:55:24,1,Positive,Positive,False
116,432,Peter Jorgensen,1,"Consistent double tax, no receipt, bad paperwork, no support and no service.",2026-03-01 06:53:17,0,Negative,Negative,True
117,896,Steven Bowen (Zener Dragon),1,"Ali will claim to protect buyers but has absolutely no integrity. They will turn their back on you even when obvious fraud has occurred and you have documented evidence of this. DO NOT pay their extra fees for ""protection"" you're wasting your time and money. Go through reputable suppliers directly. Buyer beware",2026-02-15 22:38:02,2,Negative,Negative,True
118,779,Teri O.,4,it is okay.,2026-02-19 15:15:38,0,Positive,Positive,False
119,159,Fractal Codex,1,"No way to view a complete order, only individual items. Is this a joke?",2026-03-08 08:14:27,0,Positive,Negative,True
120,677,Geørge.6,1,"The ""Scam"" in the System Impossibility of Redemption: Many users on platforms like Reddit report that as soon as the shopping credits become available (often at a specific time, like midnight), they are instantly ""sold out"" within milliseconds. Users feel cheated of the time spent playing games to earn the diamonds, believing the system is designed to be impossible to win, potentially using bots or a very small allocation.",2026-02-22 14:50:17,5,Positive,Negative,False
121,748,Night Yuu,1,"Everything is suddenly unavailable, you search for something and tis suddenly gone.",2026-02-20 14:46:06,0,Neutral,Negative,False
122,492,Rao Asif,1,send fake product,2026-02-27 14:15:16,1,Negative,Negative,False
123,926,Maria Pletneva,2,I just want to add things to my cart as normal. The new features are annoying and hard to use,2026-02-15 07:17:51,1,Negative,Negative,False
124,814,Sulaiman Ado lampo,5,good e commerce,2026-02-18 15:40:15,0,Positive,Positive,False
125,747,osama daou,1,useless in Lebanon supper high shipping rates,2026-02-20 15:17:00,0,Negative,Negative,False
126,924,Konard Aleksander Sepp,1,"cannot add items to your cart. All items only have ""buy now"" option.",2026-02-15 10:04:34,1,Neutral,Negative,True
127,417,Guy Elsenburg,1,beware they will send incorrect items and then demand you re package and return it back to them even though they incorrectly sent it to you and then you will recieve nothing but harassing messages daily,2026-03-01 13:11:42,1,Positive,Negative,True
128,3,Rubysu aka Natalie Debler,3,"My first package arrived, but with COUNTERFEIT POSTAGE! I HAD TO PAY AN EXTRA $13.75 TO GET FROM MY LOCAL POST OFFICE! I HOPE THE OTHER 2 DO NOT HAPPEN THIS WAY!!",2026-03-12 21:38:03,0,Positive,Neutral,True
129,447,Abolarinwa David,5,I'm not getting my goods,2026-02-28 18:39:49,0,Neutral,Positive,True
130,847,Michael Litvak,1,Ads! *#!,2026-02-17 12:36:42,0,Neutral,Negative,False
131,586,Angelia Pleasent,5,I'm happy with Everything!,2026-02-25 00:00:27,0,Positive,Positive,False
132,191,CLEAVER SAMAKAYI,2,"IMPROVE AFRICAN SERVICES, Not a good app to use if you are ordering from Africa. also stop sending ADs in my Email",2026-03-07 06:58:50,1,Neutral,Negative,True
133,756,Woofles Nookington,1,if I ever get my refund I'll bump the review up to 5 stars!,2026-02-20 09:35:04,0,Neutral,Negative,False
134,579,Cyrus taba,1,"I entered the number, and then it asked for Gmail. Every time I entered it, it asked again. I tried with two different ones, but it was still the same.",2026-02-25 03:07:07,1,Neutral,Negative,False
135,645,Philip Quinn,1,if you want to return something they ignore you.I have tried to contact customer support and you geta robot telling you they are working on itit is a simple case of you sent the wrong stuff so sort otout.,2026-02-23 14:44:35,1,Negative,Negative,False
136,480,Dustin Emerson,2,they haven't gave me my stuff yet,2026-02-27 22:13:57,0,Neutral,Negative,False
137,189,Great Mogbey,4,it agood app for buy old thing buy has high shipping fee,2026-03-07 09:20:04,0,Neutral,Positive,False
138,818,Usman Dauda,5,This application is very reable and cheap in price,2026-02-18 13:58:19,0,Neutral,Positive,False
139,839,Condeliza ikhlas,1,its very Long,2026-02-17 21:09:39,0,Neutral,Negative,False
140,630,رواد التاجوري,5,so cool 😎,2026-02-23 23:09:53,0,Positive,Positive,False
141,11,Honor Ao,1,"The item I ordered never arrived.... I also reorder, still nothing.... waste of money....on this apk",2026-03-12 18:57:06,0,Negative,Negative,True
142,644,Jack Gartland,1,sold my data within a couple hours,2026-02-23 14:52:33,1,Neutral,Negative,False
143,522,Joseph Kumi,4,"ok, I am satisfied now😊",2026-02-26 18:13:28,0,Positive,Positive,False
144,117,I love Fnaf,5,"ι αм ηєω нєяє αη∂ ѕσяяу ι υѕє∂ тнιѕ ƒσηт, ι αм 9 уєαяѕ σℓ∂ αη∂ ι ƒιη∂ тнιѕ νєяу ¢σηƒυѕιηg вυт ι ℓσνє ιт ιт'ѕ ƒυη ωнєяє уσυ gєт αρρѕ!",2026-03-09 18:15:45,0,Neutral,Positive,False
145,194,GalaxyA05s,5,5stars,2026-03-07 05:08:31,0,Neutral,Positive,False
146,805,Ste Morton,5,very good indeed.,2026-02-18 20:48:11,0,Positive,Positive,False
147,607,MONDI BUNGAJA,1,"This app allows the costums to collect every package in the same place and place extra charges on the product we buy, even if we pay for the shipping. They also give it to subcontractors that make us pay extra payments for delivery. If you are from Albania, don't use this app.",2026-02-24 12:00:33,2,Negative,Negative,True
148,141,Diane,1,"Mostly everything that I bought from them was cheap flimsy junk! especially the clothing, I was new on this site and I bought a lot of stuff, I wish I hadn't, I could have found nicer stuff thrown away in a dumpster. Several items I never even received, when complained I was ignored. No customer service phone number, I tried to cancel a couple orders immediately after I ordered them, It was sent anyway and I was charged for it despite all of the effort that I put in with customer service.",2026-03-09 03:00:26,0,Negative,Negative,True
149,369,Chikondi Nhlema,1,Same same,2026-03-02 15:37:15,1,Neutral,Negative,False
150,825,Alli Cat,1,what a joke dude,2026-02-18 05:27:10,1,Positive,Negative,False
151,258,Rick Chant,1,Broken beast. The Merge Boss game freezes after clicking 'Deliver'. The delivered items disappear and no rewards are issued. Feeling a little robbed after giving AliExpress my time and data without receiving fair reward.,2026-03-05 12:17:58,1,Negative,Negative,True
152,542,Cristina Sanchez,5,Best company EVER!!! Great Customer service!!! Lots of other companies should learn what Loyalty means ( I ditched Shein 👎 long time ago)!!!,2026-02-26 01:41:50,0,Positive,Positive,False
153,936,scott mckinney,1,"won't let me buy anything because the ""authenticating payment"" screen won't stop loading.",2026-02-14 22:17:16,0,Positive,Negative,True
154,396,Paul Bowsher,2,"not going to DOWNLOAD AN APP, just to try to find a part or price.....too many OTHER ads to look at.",2026-03-02 00:22:44,0,Neutral,Negative,True
155,221,David,1,"don't install this app. it is lying, doesn't respect protocols, and it's chinese",2026-03-06 10:39:25,0,Negative,Negative,True
156,21,Joni Shkembi,1,very high prices as if they are selling diamonds,2026-03-12 13:05:50,0,Neutral,Negative,False
157,425,Leigh Morris-Ashton,1,"I paid for 5 items, only got 2, and they were broken. Aliexpress refused to refund me even though the shop said they would refund me. I never got a refund. Items were described as silicone and were made of cheap plastic, TOTAL RIPOFF. Terrible service, and I shall not ever be buying again.",2026-03-01 10:53:36,2,Negative,Negative,True
158,873,Remus W,1,"be weary purchasing anything right now from aliexpress they use evri as their main courier service (because its the cheapest) Evri are on the verge of bust and refusing to pick parcels from the airports in the uk. my 2nd order got lost and now my 3rd order is stuck at the airport ""waiting courier pickup"" its been 7 days now and unlikely again I will receive my order. wait ✋️ before purchasing until they sort better delivery's service out.",2026-02-16 19:41:59,1,Negative,Negative,False
159,321,Ali Raza,5,"Good Store Great Alipay ,Mpay Gpay",2026-03-04 03:50:34,0,Positive,Positive,False
160,449,Mikail Maharoof,1,ITS LIKE TEMU WITH A DIFFERENT NAME 🤬 ITS A SCAM!!!!,2026-02-28 18:21:38,1,Positive,Negative,False
161,772,Leonardo “Lionheart” K.,4,Good exprience with most sellers but I can't see their feedback.,2026-02-19 19:22:22,0,Positive,Positive,True
162,265,Davida,5,perfect!!!!!,2026-03-05 11:03:54,0,Neutral,Positive,False
163,659,00bartek00bartek00,1,You can easily be misguided by the positive reviews of products in the store. Very disappointing experience. The limited review and refund timeframe makes it easy for low-quality sellers to avoid responsibility. Products that break after a month leave buyers with no options. The platform should extend protection to better support honest customers and sellers.,2026-02-23 04:42:28,1,Positive,Negative,True
164,139,SHaina Callaway,5,I can biy plows for 67 since,2026-03-09 03:42:08,0,Neutral,Positive,False
165,46,Mr Smith,1,has stopped accepting my debit/credit card.,2026-03-12 00:05:51,0,Positive,Negative,False
166,562,Simon Wright,1,"Terrible customer service if you need to return items. They won't provide a clear return address for large items. Can't use a Po Box with couriers. Too large to send through postal service. Keep getting given the same useless instructions and going in circles!! Very frustrating. I have tried 6 times to get an address but keep getting the same answer. ""follow the instructions"" no-one reads the request. Just terrible",2026-02-25 13:18:52,2,Negative,Negative,True
167,790,Noah Friedman,1,"I can't get this damned thing to upload any photos from my phone. Permissions are fine, but they never upload. I cannot finish dispute resolutions without being able to upload evidence.",2026-02-19 04:48:48,0,Positive,Negative,True
168,242,Jeff Cumberlin,1,This app keeps installing itself without my permission. Big red flag!,2026-03-05 23:15:45,0,Neutral,Negative,False
169,691,Nadir Mian,2,"tone down the notifications. even with all but the 'order update' notifications off, the notifications are still continuous, and unnecessary. and update when it is 'on it's way' and 'delivered' is really all that is needed.",2026-02-22 02:35:17,1,Neutral,Negative,False
170,174,Delislav Asparuhov,1,TOO MUCH NOTIFICATIONS AND SPAM!!!!!!,2026-03-07 21:51:08,1,Neutral,Negative,False
171,682,Nicole O'hehir,1,I paid SO MUCH for a few posters and stickers. they cancelled my order and never gave me my money back. I emailed the several times and they never got back to me,2026-02-22 08:34:29,4,Negative,Negative,True
172,26,rrockstaarr,1,"Terrible App, Havnt received my orders and its been well over a month no refund. They keep replying that someone will get back to me within 24-48 hours so I message every three days and still the same response. Do not buy from here !!!",2026-03-12 10:18:33,1,Negative,Negative,True
173,155,Ben Hunt,1,They don't honor their fast ship program all you get is the run around spend the few extra dollars and get it from tic tok shop,2026-03-08 12:35:23,0,Negative,Negative,True
174,574,Nia Pia,1,scam,2026-02-25 04:54:57,1,Negative,Negative,False
175,362,Aderaw Aweke,3,ante vayrse,2026-03-02 17:17:44,0,Neutral,Neutral,False
176,827,Mark Davis,5,good,2026-02-18 02:51:34,0,Positive,Positive,False
177,650,Muhammad Fawad,1,loser app,2026-02-23 11:04:54,1,Negative,Negative,False
178,393,Ren Estelle,1,"Locked Out before i could ever place an order. 5 day appeal process which would prevent me from getting the new customer discount. I use a vpn, so at this point, I think its just meant to discourage privacy. Dissappointing. I was really excited for the products they had.",2026-03-02 02:28:38,0,Neutral,Negative,False
179,485,Anurugwo Virginus,1,very bad. I order clipper.they send me accessories.my money is gone.,2026-02-27 17:36:53,1,Negative,Negative,False
180,966,Ori Zadok,1,so many scams (description not matching the actual product and misleading main pictures) prices are no longer cheap like they used to be,2026-02-14 05:18:46,2,Negative,Negative,True
181,437,Rebecca Jenkins,4,idk its great but just not perfect,2026-03-01 01:44:44,0,Negative,Positive,True
182,615,Maysoon Abdelhamid,5,رائع,2026-02-24 07:50:29,0,Neutral,Positive,False
183,433,Mark Grant,1,Ads that push themselves into install on your phones with no choice to say no is the same as technological RAPE! There should be fkn laws against it.,2026-03-01 06:09:24,0,Negative,Negative,True
184,845,Ardee Feliciano,1,"The longest time to deliver of all online platform. I placed the order January 11, 2026 delivery was supposedly February 11, 2026 but until today February 17, 2026 it hasn't arrived.",2026-02-17 14:44:04,1,Neutral,Negative,False
185,95,Kyri J,1,"As a long term loyal customer it is clear that sellers and aliexpress work together against their customers when problems arise.Misleading adverts, documented verbal abuse from sellers when legitimately complaining, aliexpress really does not care to act, even after appeals.When you order something, your probability of success in return is very low if there is a problem, shipping is often not covered.""contact support so we can help"" is an automated waste of time and endless loop.",2026-03-10 09:12:56,1,Negative,Negative,True
186,694,Dwayne Miller,1,ordered stuff took my money and never received the items,2026-02-22 00:49:58,2,Neutral,Negative,True
187,715,Travis Bone,5,"usually pretty good always ordering something off of this app,",2026-02-21 13:30:20,0,Positive,Positive,False
188,937,Mohammed Moharam,5,ممتاز,2026-02-14 22:11:31,0,Neutral,Positive,False
189,915,Thomas Safar,5,very prompt door to door delivery alli expreßs is awesome very reasonable pricing.,2026-02-15 12:26:26,0,Positive,Positive,False
190,113,Mark -,1,I can't upload videos to the app when requesting a refund,2026-03-09 21:28:32,1,Neutral,Negative,True
191,797,Moussa Gueye,1,"Awful! I ordered a jacket and I receive pants and when you try to send a video of the fact it doesn't work, because allow videos over 10MB, basically less than 5 seconds, which isn't nearly enough to show proof, total scam avoid this app",2026-02-19 00:59:40,0,Negative,Negative,True
192,606,Robert Juda,1,Got robbed of my money! Beware buyers!,2026-02-24 12:03:26,2,Neutral,Negative,False
193,371,Domantas,5,good,2026-03-02 14:38:04,0,Positive,Positive,False
194,125,Dokiware,1,the shipping fees are way too ridiculous,2026-03-09 14:26:16,0,Negative,Negative,False
195,372,Christian Lozano,5,"good shipping and products, the time of shipping is about 1 to 2 weeks and some are low quality items but still work and I love the dollar express",2026-03-02 14:28:36,0,Positive,Positive,False
196,148,Lion Soldier,3,"Title: Great app, but impossible to pay in Ghana ""I really want to use this app more and give it 5 stars, but I am forced to give it 3 stars because of the payment methods. In Ghana, most of us do not have bank accounts or international cards. We use MTN Mobile Money (MoMo) for everything. There are millions of us ready to buy, but we are stuck at the checkout. If you add MTN MoMo, your app will be the #1 choice in Ghana. Please help us shop by adding local mobile money options!""",2026-03-08 19:03:02,0,Positive,Neutral,True
197,229,Tyler Mitchell,1,The best place to buy Chinese counterfeits at full price.,2026-03-06 06:09:55,0,Positive,Negative,False
198,901,Rodriges Rodrigues,5,very good work perfect,2026-02-15 20:39:10,0,Positive,Positive,False
199,614,becky wise,5,HIGHLY recommend no tricks advertisements work perfectly no hidden fees or purchases. Best app!!! ❤️‍🔥,2026-02-24 09:14:29,0,Positive,Positive,True
200,986,Asanka Muditha Fernando,5,Good Tnx,2026-02-13 12:54:44,0,Positive,Positive,False
201,796,S H Lam,2,Keep hanging upon launch.,2026-02-19 02:05:53,0,Neutral,Negative,False
202,260,James,1,"My item was so late that I was overseas when delivery was attempted. Now it's on its way back to the seller and AliExpress are so far are just making me go through appeal after appeal. They claim that it's at my local post office even though I provided a statement from the post office that it's on its way back. They haven't provided me with any evidence that it's with my local post office, despite their claim that it is.",2026-03-05 11:56:06,0,Neutral,Negative,False
203,981,Leszek Lex,3,"App is good. But the courier service you are using is rubbish. The parcels are left at random I have to look for them every time. Last one I could not find. I got a full refund but it is not something that helped me,I needed the product I ordered.",2026-02-13 18:01:04,3,Positive,Neutral,True
204,150,Victor Hugo,1,"Minha conta está dando problemas de ""segurança"" na hora de aplicar cupons, porque só para aplicar cupons que dá erro de segurança? Duvido que se fosse uma compra ele iria dar o mesmo bloqueio",2026-03-08 15:49:28,0,Neutral,Negative,False
205,628,Muhammad Waseem,5,Happy,2026-02-23 23:56:31,0,Positive,Positive,False
206,972,Ashly Kinkead,1,"I'm trying to get rid of the items in my wishlist that are sold out and such but a lot of the times I click back out of an item I clicked on in one of my wishlist groups it puts me back to the beginning of the app instead of the group of items I'm going through, it doesn't just show which ones are sold out anymore so I have to click on each item to see if its sold out or not, why did you guys change that? its so annoying and hard to go through everything that's saved now",2026-02-14 00:17:30,16,Negative,Negative,True
207,278,Alex,1,"Bought something with Coins, they shadow banned me after, with the error ""To protect the security of your account, your request can't be processed at this time."" It's been 4 WEEKS+ and I've contacted support at least FIVE TIMES and they are completely USELESS. They kept saying a ""higher team"" will email me regarding the shadow ban, but the emails just kept repeating the same useless garbage like ""log off and in"" like a bot. Also, the app drains 20% battery in 1 hour.",2026-03-05 02:36:23,7,Negative,Negative,True
208,477,Jordan H,1,"I avoided using this for years as I had reservations about the quality. Very first time using, I completely understand why I avoided it. the return system is a joke. they basically squeeze you into accepting a partial refund for a broken item. will never use this service again. one and done",2026-02-27 22:41:26,2,Negative,Negative,True
209,852,Olasunkanmi Omodara,5,Excellent App! The user experience is topnotched!,2026-02-17 10:18:11,0,Positive,Positive,False
210,823,Delia Dizon,3,Shipping fee is expensive😥🥺😥,2026-02-18 08:19:50,0,Neutral,Neutral,False
211,954,L Last,3,"The exchange of game points for coupons hasn't worked properly since August 2025. Now it's only possible at 1:00 AM, when I need to sleep, and that's if I'm lucky enough to pick up a coupon. The exchange time is measured in seconds. Furthermore, only $1 and $5 coupons are available. Why is this complete nonsense? Either disable the exchange of game points for coupons or make it work as it was before August 2025.",2026-02-14 13:27:56,1,Neutral,Neutral,False
212,969,Alex Saunders,1,uninstalled because of the annoying unskippable ads,2026-02-14 02:48:01,1,Negative,Negative,False
213,623,Keandre Singleton,2,the ordering is really slow 😞,2026-02-24 02:13:51,2,Neutral,Negative,False
214,410,Jason Morgan,1,well I downloaded the app from Google Play and I looked around but I couldn't see anything you see I have a problem seeing anything on a white background you do not have a dark mode or a dark theme so I uninstalled so when and if you ever add or create a dark mode version I will redownload but not until then,2026-03-01 15:05:20,0,Positive,Negative,True
215,782,sani nuhu (Binnuh),5,Best seller,2026-02-19 12:10:10,0,Positive,Positive,False
216,892,A Google user,1,"It used to be a really good online shopping, with competitive prices and reliable shipping services. But now you cannot choose the shipping method. Aliexpress is now using SpeedX and SpeedX is a scam. They don't have tax number nor registration number here in Australia. There is no physical address, no contact information, and zero customer support. Good luck receiving your package/s. I shopped here since 2015 and now I am going to stop until they remove unreliable courier companies.",2026-02-16 02:14:28,7,Negative,Negative,True
217,18,Zelda Hulley,1,funny how the discount is removed as soon as you need to pay,2026-03-12 14:39:26,0,Positive,Negative,False
218,126,Kelly Baker,3,Hi I am having problems with the app I've updated it and also uninstall it and reinstalled it but it won't let me have the free gjft that it says I have won as it keeps saying it doesn't support me viewing local supermarket items please update your app to our latest version I have done please sort this out,2026-03-09 13:48:51,0,Positive,Neutral,True
219,925,Jada Randall,1,"Do not shop on the 3 for 99 cents. They will scam you and make you pay for the original prices for (EACH ITEM) /DONT SHOP HERE AT ALL/ Instead of them giving me my money back, they gave me a bonus to spend ONLY on ALIEXPRESS. This is ghetto🙄",2026-02-15 09:12:41,1,Positive,Negative,True
220,709,Femi Femlad,3,Good app cheap and affordable but I suggested u should be reduce the shipping fee I would buy good of 300 and the shipping fee is 2000 pls do something about it,2026-02-21 16:07:09,0,Positive,Neutral,False
221,387,R B,1,"Scam. It gave prices for items. I added them to my cart, and once in your cart they cost several times more than that and also the shipping is expensive. It said if I waited a certain number of hours they'd be the promised price so I came back then, and they got even more expensive (the shipping did too). Also, it says you get free items but once you choose them it tells you you also need to buy one of a more expensive item to ""earn"" the free items and makes you confirm exiting multiple times.",2026-03-02 05:35:09,3,Positive,Negative,False
222,587,ghvzt,2,don't know don't use Just don't use it,2026-02-24 23:13:09,0,Neutral,Negative,True
223,479,Keri Spears,1,"I am reading this one star because\nWhen I ordered something, it was very expensive.And it's telling me that I haven't ordered anything , and i've been waiting for a very long time",2026-02-27 22:14:54,1,Neutral,Negative,False
224,789,Johannes Gudnason,5,awsome,2026-02-19 05:24:18,0,Neutral,Positive,False
225,514,Achraf Mouhsine,1,السعر مرتفع جدا,2026-02-27 00:14:55,0,Neutral,Negative,False
226,398,MsShimmeringSue,4,Does the trick but annoyingly email links dont open the app immediately and choice stays on screen for 2 milliseconds,2026-03-01 23:19:37,0,Neutral,Positive,True
227,381,Matome Lucky,1,got scammed R4000 on two packages.aliexpress investigaters helped the suppliers to scam me 4k ..they delay the matter while screenshot of evidence was supplied ..they promote suppliers scamming people extra money after ordering I've reported the supplier nothing was done about supplier he still continues scamming other people... be carefully of this app rather us Alibaba for your safety as a customer..,2026-03-02 08:49:14,1,Neutral,Negative,True
228,333,Rethabile Madileng,3,"prices of items are great, but shipping to south Africa is expensive on some items",2026-03-03 19:36:18,0,Positive,Neutral,False
229,161,De P,1,I consistently got a pop up saying there was an error and my order could not be completed. Contacting customer service did not help as I just kept getting sent in circles.,2026-03-08 06:01:26,1,Negative,Negative,True
230,573,Mohammed sameh elawady,1,شركة حراميه قمت بطلب منتج وظهر ان به خلل (لا يعمل) وعندما طالبت بأرجاعه قالو انهم لا يستطيعون الارجاع ويجب ان اذهب لشركه مختصه بالشحن وارسل لهم الطرد مغلف ثم يتم فحصه الى اخره مع العلم طلب الارجاع تم في نفس يوم الاستلام,2026-02-25 04:57:02,1,Neutral,Negative,False
231,310,David Affram Arthur,2,I cancelled an order and there have been no refund.,2026-03-04 12:18:25,0,Negative,Negative,True
232,801,Juan Fresneda,1,App since last updates reboots and I can't use it. Tried uninstalling it and cleaning everything but happens again and again,2026-02-18 23:10:13,0,Neutral,Negative,True
233,521,Charles Guzman,1,scamers,2026-02-26 19:19:25,1,Neutral,Negative,False
234,781,Vincent,1,Way too confusing to navigate cart and prices changing from listed items!,2026-02-19 13:02:33,0,Negative,Negative,False
235,274,ismael jimenez,1,Lies in many prices,2026-03-05 06:56:02,0,Negative,Negative,False
236,61,J,5,it's s really good app and all the products come in good shape and it has affordable prices,2026-03-11 12:05:12,0,Positive,Positive,False
237,754,Michael York,1,You never know what will happen when you click on something.,2026-02-20 10:04:09,0,Neutral,Negative,True
238,102,Tia Cummings,5,great app love it,2026-03-10 04:53:59,0,Positive,Positive,False
239,706,Stephen Allen,5,Product arrived within timescale As described and in good condition,2026-02-21 19:07:13,0,Positive,Positive,False
240,557,Beckie Tharp,5,great,2026-02-25 16:09:41,0,Positive,Positive,False
241,824,Muhammad Amir,5,good,2026-02-18 07:17:24,0,Positive,Positive,False
242,726,A Google user,1,Be careful when you buy anything fragile from AliExpress. If possible open the item in the presence of the courier agent to confirm it's intact. AliExpress will blame you for the broken item.,2026-02-21 09:04:46,4,Negative,Negative,False
243,107,Michael M,1,Horrible app and customer service.,2026-03-10 01:08:04,1,Negative,Negative,False
244,800,jacob,5,"Aliexpress is a very nice place to get things at a good price, America cannot compete.",2026-02-18 23:25:29,0,Positive,Positive,True
245,971,Blue Kastrick,3,"it loops you around senselessly peddling. .83 cents off orders of 90$ or to get coins for discounts that dont exist. i am satisfied with the shipping , customer service, and most of the products ordered are exactly as described. but too many fake discounts and notifications",2026-02-14 01:30:39,1,Negative,Neutral,True
246,370,Jason,3,"this thing keeps hiding the add to cart button, I don't want to do 10 individual transactions when I'm looking at small adapters, I want to add them to cart so I can continue browsing and comparing, its like the app is actively discouraging me from shopping with it.",2026-03-02 14:44:43,0,Negative,Neutral,True
247,836,XIQAD POXAD,1,My first orders got delivered very fast after just 10-12 days. Now im waiting 20 days for my orders because my order arrives at my region after 6 days and then they wait another 13 days without moving the items and wait for more orders of me to arrive so they can deliver them all together to save money :(,2026-02-17 22:55:56,0,Positive,Negative,False
248,730,Dinesh Mirpuri (D'Gaia),1,horrible experience to verify. when they say they have sent email nothing comes to the email at all.,2026-02-21 05:12:53,2,Negative,Negative,True
249,470,Sony Yang,1,they linked my X account with one of their twitter@aliexpress email when signing in so now i cannot change any of my settings because i do not get any notifications sent to my real email,2026-02-28 02:34:23,0,Neutral,Negative,True
250,211,Cam & Family,5,"Ali is a great app for almost anything you need, items I have purchased have all been exactly what I asked for and wanted and they last a longtime",2026-03-06 16:21:07,0,Positive,Positive,False
251,277,Tracy,1,downloaded from an ad that said three items for $0.99 and I don't see three items for $0.99 can you say false advertisement,2026-03-05 02:58:28,0,Neutral,Negative,True
252,307,Boris Pajovic,3,Very slow shipping,2026-03-04 13:22:37,0,Neutral,Neutral,False
253,671,Giulia,3,hiii! question: is this app entirely about fast fashion products?,2026-02-22 17:49:33,0,Neutral,Neutral,False
254,520,Martin Roa,5,"prices are all over the place but its still my go to place to get some surprisingly quality goods. give it a shot. also you can talk directly to the seller if you have questions and they answer quickly, and its not a robot 99% of the time I was skeptical of this app but it won me over.",2026-02-26 19:38:02,0,Positive,Positive,True
255,979,Life is Beautiful,1,Cheater showing lower price push you to download app once download they will show error this offer finish cheap app and cheap administration,2026-02-13 19:13:19,0,Negative,Negative,False
256,463,Pushpitha kavinda,5,good,2026-02-28 10:29:21,0,Positive,Positive,False
257,441,Shirley Smith,1,Did not receive my potable dryer..my tracking number was scanned at P.O. and was not sent to my address. P. O. stated that my package had another address on it. I only gave my address. l can't understand how this happen. I have no dryer and no refund. l will not deal with this company or the company from where I bought the potable dryer. Really needed the dryer.,2026-02-28 22:29:54,1,Negative,Negative,True
258,725,Pseudonymous,1,"customer support is garbage, time wasting humans who give robotic responses and don't directly address issues. no respect for customer time or effort. 'senior reps' don't address problems they just copy and paste a script... edit in response to AliExpress reply: Where do you think I came from to have this experience... I complain about terrible customer service and robotic replies that don't address the actual concern and your response is to refer me to the same customer service 🤣",2026-02-21 09:57:59,3,Negative,Negative,True
259,985,Andy Frost,5,it is fast and it is very cheap😘,2026-02-13 13:53:01,0,Neutral,Positive,False
260,67,Alex,1,"I can not buy from their shop. It doesn't allow me to use my real name. Their customer service, even email, is AI and goes in circles. If they don't want me to buy, fine, that's on them.",2026-03-11 07:43:39,1,Neutral,Negative,True
261,431,Henry kanayo,5,🚫,2026-03-01 07:19:30,0,Neutral,Positive,False
262,962,Simon Costisanu,1,"AliExpress's customer service is the worst of all. they act like they don't understand the problem, give poor solutions unrelated to the issue and they close the case washing their hands. There is no possibility to appeal the decision. all they do is apologize and move on. bad experience.",2026-02-14 08:55:45,1,Negative,Negative,True
263,889,Matteo Sordi,1,"Terrible, absolutely terrible. Customer service is either nonexistent or incompetent. Prices are high compared to other similar platforms. Delivery is slow, not so much from China, which takes a while to ship, but from European countries. For example, a package was only shipped to me (and has yet to arrive) from France after two weeks. Product quality is always poor or doesn't match the description on the store page. I can only advise against this app.",2026-02-16 08:14:20,5,Negative,Negative,True
264,43,Leashanta Chism,1,I wish I could give it a minus I had a package stolen even have a police report and couldn't get a refund,2026-03-12 01:02:10,0,Negative,Negative,False
265,510,SMILE JESUS LOVE U,1,just too many pop-ups,2026-02-27 03:44:14,0,Neutral,Negative,False
266,238,T Bramble,1,"Bundles Discounts not showing. Glitch this month when you click Bundles section, it just shows you the price of items at their normal price, not the bundle discount price. You have to use the desktop website if you want the bundles discounted price. Very annoying. Please fix it",2026-03-06 02:44:58,0,Neutral,Negative,True
267,903,Kevin highfill,5,Great,2026-02-15 19:41:29,0,Positive,Positive,False
268,58,Matas Matas,5,this is the good app I'm not going to lie I found garbage items that could explode easily,2026-03-11 13:54:08,0,Positive,Positive,True
269,679,Jennifer Ponce,1,they take more money out of your account after you place your order and pay. I did the 3 for .99 cents and after shipping fees and taxes my total came to 2.22. I got 2.22 taken out of my account that night and when I woke up and checked my account they ended up taking 14.80 out. and it's been a hassle to get the order cancelled. they cancelled 2 items but still not wanting to cancel the 3rd item.,2026-02-22 12:41:05,4,Neutral,Negative,True
270,467,Mr. Salem,1,Bad update. When searching for something and checking product then go back it take you to home page?! Even if you use the arrow to go back same thing happens takes you to home screen. Please fix this issue it's wasting time,2026-02-28 06:45:49,0,Negative,Negative,False
271,551,Laura,1,"awful experience, cant purchase anything, sends me in a loop of signing in again and again and again. never being able to finish the order. uninstall ed after a few minutes!",2026-02-25 21:10:32,1,Negative,Negative,True
272,738,Imiennik Nazwijski,1,gdzie night mode,2026-02-20 23:46:47,0,Neutral,Negative,False
273,755,Timothee Cox,1,I want my refund back it's been since December,2026-02-20 09:48:10,0,Positive,Negative,False
274,273,Okenwa Joseph,5,very happy customer. your security is what makes me keep repeating. Blessed to people. Love from Nigeria,2026-03-05 07:02:35,0,Positive,Positive,False
275,122,Stefan Flavius Chiper,5,cumpărați cu încredere. produsele sunt de calitate înaltă și chiar sunt foarte bune. indiferent de faptul că sunt produse în china nu am avut niciodată problema cu cumpărăturile. ba chiar am prins niște oferte foarte avantajoase la produse de la branduri populare.,2026-03-09 15:26:03,0,Neutral,Positive,False
276,419,Sakura Boo,1,"5 free returns a month. unopened. denied return. buyer beware. reached out multiple times to the customer service. they are not aware, when caught lying about the return process, decided to give up and escalate the issue.",2026-03-01 12:36:30,1,Negative,Negative,True
277,204,Mustapha Maruf,5,An interesting app that outperformed among other alternatives.,2026-03-06 22:29:19,0,Positive,Positive,False
278,91,Patryk,4,"Na stronie z punktami, pokazują się losowe zniżki, których nie da się uzyskać. Mocno utrudnia to zakupy. Edit. Okazało się że procentowa zniżka obok produktu uwzględnia też kupon zniżkowy a nie tylko punkty. Nadal uważam że nie powinno tak być, bo jest ikona punktu obok zniżki.",2026-03-10 12:11:14,0,Neutral,Positive,False
279,826,D J,1,Cant log in and see my account anymore. forcing Sign in with Google.,2026-02-18 03:51:24,1,Neutral,Negative,True
280,128,Tracey Grimm,5,so far I always receive my delivery earlier then stated and never a problem 🤞👌,2026-03-09 12:34:17,0,Positive,Positive,True
281,65,Jaco van As,1,I was hesitant from the start and should have trusted my gut. AliExpress is a scam. You wait for ever to get your product and then they robbed you by not giving it the way you ordered. When you complain they put it on you to provide solid proof. The you do that and they say it's still not enough proof. I just lost money. What a scam. Will be reporting this to play store as well.,2026-03-11 08:42:40,1,Negative,Negative,True
282,237,Jt,1,I'll stick with shein. This shopping site is a headache to deal with.,2026-03-06 03:08:47,0,Neutral,Negative,False
283,785,Andre Smith,5,"Works really well and does what it's meant to. The notification can become a bit much but everything can be changed in the settings. Only downside is I'm finding too many things to by, lol",2026-02-19 10:45:40,0,Positive,Positive,False
284,335,Pamela,1,horrible app! I had multiple items in my cart. then suddenly the cart was emptied. I had to search over and fill the cart again. I made my purchase then I was alerted that my order was partially paid. my card was charged 2 times for everything. no customer service number. now I have multiple orders coming. can anyone help me to get a phone number?,2026-03-03 18:50:48,2,Negative,Negative,True
285,546,Ayesha Siddiqui,2,why so much tax in Pakistan 😭😭😭,2026-02-26 00:22:58,0,Neutral,Negative,False
286,876,Quebec Patriot,5,useful,2026-02-16 17:57:49,0,Positive,Positive,False
287,638,Bernard Eardley,5,its got alot of more things for your money,2026-02-23 21:04:26,0,Neutral,Positive,False
288,440,C Taylor,1,I purchased a package but when I found out the delivery guy is speed X I know I was never going to receive the package that I purchased. it's been over 15 days and our customer service has not helped me out.,2026-02-28 23:14:20,1,Neutral,Negative,True
289,455,Dave Mack,1,bad customer service no problem solution I ordered from temu and already received this platform allows scam sellers,2026-02-28 16:22:05,1,Negative,Negative,True
290,116,Eric Malcomb,1,They have been a nightmare to deal with! placed an order saw where it had been shipped and it was in Colorado. I tried to track it again and it said I didn't have an order even though I confirmed it with paypal. first email I got back said they found my order and I should be able to track it now. I wasn't. contact customer service again. they tell me the order doesn't exist with my account to use a different one. I have only ever had one account with them. Now they won't give me a refund!,2026-03-09 18:29:16,1,Neutral,Negative,True
291,488,Courtney Bigelow,1,I paid for my items and the next day they are telling me I owe more. not very happy. I'll go back to temu. they don't double charge your account.,2026-02-27 16:25:49,1,Negative,Negative,True
292,603,Steve C,2,"Although the app is bloated with collecting points etc, there's plenty of choice, delivery is relatively quick with plenty of notification updates.... The big problem is when you either don't receive your item, it's the incorrect item ordered or it is simply faulty - then your problems begin.... Even after sending plenty of photos, a comprehensive description and videos, AliExpress usually sides with the seller and your problem isn't resolved. Ordering from AliExpress is a last resort for me.",2026-02-24 14:03:47,10,Negative,Negative,True
293,632,Lester Campillo,1,"terrible service! they misdeliver a package and tell you to pound sand and talk to the courier. I purchase with a store, and am told to talk to the shipper they hire. Make sure you go through your credit card so that you can still get your money back, or better yet DON'T BUY FROM THIS APP developer response edit: who do you think I talked to? customer service told me to contact the courier and would not help me. not even on appeal, it kept being denied when YOUR courier misdelivered it",2026-02-23 22:27:30,2,Negative,Negative,True
294,353,Autumn Atkins,1,"The ads are a lie. You cannot get 3 things for .99 with free shipping. Because when you try, it reloads & says you can't partake because the deal is only for new users. Literally JUST made my account, but okay.",2026-03-03 01:40:45,1,Positive,Negative,True
295,697,Ron Meikle,1,"app won't show any categories to the right of Automotive. Just shows the same stuff, not handy if you're looking for tools...",2026-02-21 21:14:41,1,Neutral,Negative,True
296,315,Tina Smart,5,love shopping here only the best,2026-03-04 07:04:13,0,Positive,Positive,False
297,882,Adnan Mamlouk,1,they scam me after I pay for the product I buy and mention clearly free delivery but when come to my door they ask me 13 AED so I pay it coz no choice and they are easy to say we will refund it I will not trust U any more scam company like U am not happy at all,2026-02-16 15:57:16,0,Negative,Negative,True
298,261,Shahidalikhushik,5,ok,2026-03-05 11:49:01,0,Positive,Positive,False
299,165,Hjbihb Bjhbihb,1,app crashes when I search,2026-03-08 04:26:43,0,Neutral,Negative,False
300,409,Lise,1,stop sending me demandais please,2026-03-01 15:11:01,0,Neutral,Negative,False
301,919,Ali Khan,5,"excellent shopping experience, I am facing an issue in the app nowadays, pictures of products are not loading, app is updated on the latest version. I checked on different WiFi connections and cellular 4G internet but the problem is still there. please look into this issue.",2026-02-15 11:32:20,0,Positive,Positive,True
302,86,Mike M,2,advertising one thing but sending another. still waiting for their customer service to get back to me on my order,2026-03-10 16:17:36,1,Neutral,Negative,False
303,584,Colleen Williams,5,excellent.,2026-02-25 00:49:27,0,Positive,Positive,False
304,422,David Watson,1,Aliexpress allows sellers to sell non functional products which dont match item descriptions on this platform. be wary!,2026-03-01 11:52:04,0,Neutral,Negative,True
305,346,Martin,3,coins are useless u collect coins but you can only use them from what you viewed should be able to use the on EVERYTHINK,2026-03-03 09:05:10,1,Negative,Neutral,False
306,626,Jt Bradshaw-Smith,1,didn't give me my package at all,2026-02-24 01:36:45,1,Neutral,Negative,True
307,51,Marcie Graham,1,Never got my stuff.. they lied about the mailing source. Don't trust them... I lost out on my money too. TEMU is better,2026-03-11 21:53:27,0,Negative,Negative,True
308,768,Emiliano Miguel Esteban,1,"Las pruebas de 1¢ no funciona, por mas que te aplicas para mas de 100 productos, jamas te eligen. No dispone de DarkMode en todas las secciones, cansa la vista.",2026-02-19 22:11:00,0,Negative,Negative,True
309,259,Diego Garcia,1,The discounts on the coins page no longer work,2026-03-05 11:58:59,0,Negative,Negative,True
310,742,Jennifer McBride,1,"won one of the games was told not receiving prize not available in my region, what?",2026-02-20 20:51:49,0,Positive,Negative,True
311,886,GC Sixixix,1,I Have never shopped here before but have been blocked from using. Tried the process to unblock and says I have passed the time given to do so. App is unworkable so uninstalled!,2026-02-16 11:34:47,0,Negative,Negative,True
312,899,DK Eigelaar,4,ˡᵒᵒᵏˢ ᵍᵒᵒᵈ ᵃⁿᵈ ᶠᵃⁿᶜʸ,2026-02-15 20:59:07,0,Neutral,Positive,False
313,912,Donnie Ellenberger,1,horrible app full of scammers the customer service does not help customers ever stay away used to be good now is horrible,2026-02-15 13:43:00,1,Negative,Negative,True
314,957,Nicolas Rono,5,Greatest app ever,2026-02-14 12:08:57,0,Positive,Positive,False
315,507,kerry powell,1,i cant belive the shipping prices on one item i wanted it was £108.00 for shipping thsts ridiculous as its coming from the ssme place as temu & they are free shipping (if i could get the item off temu i would of done) but they are out of stock ....never purchasing anything off here agen,2026-02-27 05:58:56,1,Positive,Negative,True
316,917,Joan Awuor,1,my country Kenya isn't in the categories,2026-02-15 12:09:24,0,Neutral,Negative,True
317,408,Why Asking,1,Issue after issue with item not delivered and no refund or possibility to get adequate response. Customer service pretends to be on your side just to deny any evidence regarding orders not received. Sad to see customer service going downhill.,2026-03-01 15:26:30,1,Positive,Negative,True
318,227,Jaselin C,5,it's a great shopping experience.,2026-03-06 07:32:47,0,Positive,Positive,False
319,757,Vaeh,5,SO MUCH KATY PERRY THINGS,2026-02-20 08:44:15,0,Neutral,Positive,False
320,881,Victor Brown,1,Doesn't work,2026-02-16 16:07:13,0,Neutral,Negative,False
321,434,Adam Zorzi,1,SCAMMERS!,2026-03-01 05:56:06,1,Neutral,Negative,False
322,684,Matthias,2,"Bad support experience; told them they're shipping hazardous and volatile carcinogens that aren't labeled in the shop and shipped like regular goods without user notice, via the regular shipping line of AliExpress, in thin packaging, but their English or IQ is so poor that they don't even understand that. Two out of two cases I had to contact them, same issue. Shipping chemicals to end users like that, and they aren't even aware about the necessary safety protocols.",2026-02-22 07:35:28,1,Positive,Negative,True
323,357,Amanda Jean Shelton,5,a lot better than temu and other apps. definitely recommend it over other apps. deserves alot more stars for rating🙂,2026-03-02 23:34:34,0,Positive,Positive,False
324,286,David Wilkins,1,ur getting ripped off by AliExpress,2026-03-04 23:37:04,1,Neutral,Negative,False
325,15,Cynthia Butler,3,ad said pick 3 free items i picked them then they said it would cost me $8.00 to recieve them how is that free?false advertising,2026-03-12 17:20:41,0,Positive,Neutral,False
326,186,Marie Barrow,4,Great app with great products.,2026-03-07 14:57:35,0,Positive,Positive,False
327,456,Hans Wurst,1,"Since 2026 I have to return goods of a values below USD 1.0 that were sent wrong. Aliexpress pays return shipping, so prices will raise. Ofc I asked support on this more than once, but as always: Support is either AI or Morans (get a brain) and ""escalation teams"" just semd standard answers. I will switch to bnggd or tmu, with lower prices. They blocked me from playing games needed for their WorldTour game at 85% completion - all progress lost, and 20 escalated support tickets later: 0 progress.",2026-02-28 15:20:04,1,Positive,Negative,False
328,201,Hector Torres,1,it's a scam. People will say you can get a controller for a low price but every controller I see or expensive prices. honestly I will never buy from them every again,2026-03-07 00:09:50,1,Positive,Negative,True
329,939,Beauty Queen,5,Aelll Done,2026-02-14 21:47:58,0,Neutral,Positive,False
330,98,Xzaevory Gonzalez,3,👍,2026-03-10 06:16:52,1,Neutral,Neutral,False
331,528,Smoothie “Smoothie”,1,"Scam website. If you don't receive the product they don't replace it or refund it even if they say it everywhere on the website. lost almost a hundred euros and support just say ""git gud"" and that is sad and bye bye. Edit: support said again ""lol u mad""",2026-02-26 14:45:29,2,Negative,Negative,True
332,281,Corey Polume,3,"Good site and app. Enormous number of products to choose from and one of the best delivery update systems I have seen (better than Amazon). You know where your package is at any time. Product reviews are questionable as you are only able to review products as you receive them. I would also question a lot of the reviews as they are not linked to product. For example, ordered bike tubes and when I used after 4 months, both of them failed due to design faults but not able to provide feedback.",2026-03-05 01:00:57,1,Neutral,Neutral,True
333,63,Coems,1,ordered a charger waited for 10 days when it arrived at my county the order was unsucesfull.,2026-03-11 08:54:13,1,Neutral,Negative,False
334,567,Kelly McCloy,2,"There's too many bugs in the app atm. When I scroll thru the feed and click on an item, not only is it super slow- but it shows a completely different item. This then throws off the algorithm and then the feed continues to shoe items which aren't of interest. So I haven't even been able to place my first order and get the benefit of the welcome deal because I give up looking out of frustration.",2026-02-25 08:34:32,4,Positive,Negative,True
335,635,MALCOLM RICHARDS,2,Showed 6 lamp bundle but only one arrived and the remote did not work.,2026-02-23 22:23:59,0,Neutral,Negative,True
336,245,Keith Glasgow,1,I have not received my products after 3 months. You bother me several times a day. Yet I cannot get my products from you. Act now. Send my products. i need them.,2026-03-05 22:18:30,0,Negative,Negative,True
337,496,Rebecca South,1,$20 shipping is robbery no matter how much you buy! They are deceiving & then won't leave you alone!!!!,2026-02-27 10:27:59,1,Negative,Negative,True
338,23,Jesson,1,"Brought faulty item, refused credit or refund, unable to submit video or pictures due to their site not accepting the files even though format was correct, uninstalling over a mere $12",2026-03-12 12:23:59,0,Negative,Negative,True
339,837,Teddy,1,"They steal your money, even when you refund something you never even received or something that didn't make it to you.",2026-02-17 22:39:43,0,Negative,Negative,True
340,311,lyle l. Nirenberg,1,numerous warnings of delayed shipping! items break consistently after several weeks or months. no refunds for items returned with their shipping labels. Buyer beware! AliExpress falling apart and rapidly losing thousands of customers. full of scams and extremely low quality.,2026-03-04 11:34:40,1,Negative,Negative,True
341,249,Nimusiima Trussy,5,changed my mind ...Ali express rocks,2026-03-05 17:23:09,1,Neutral,Positive,False
342,860,April Roache,1,"Lousy, they substitute for the item that you select and send trash instead. Then they play ignorant when it comes to refunds, their cat toys only work 3-4 days. Major disappointment. App uninstalled.",2026-02-17 05:29:33,2,Negative,Negative,False
343,718,Tokuijin,1,I still haven't received my refund and the customer service is ABYSMAL.,2026-02-21 12:36:59,3,Neutral,Negative,False
344,101,S LMK,1,"Really sick of the constant pop ups and ads. Just let me purchase in peace ffs. Unable to turn off constant promotional messages from stores, which flood your message center until it's impossible to find important messages. The user experience could not possibly be more frustrating, I do not want to play a stupid mobile game for coins. Absolute masterclass in user-hostile, hateful design.",2026-03-10 05:43:29,3,Negative,Negative,True
345,428,Vladimir Berta,1,"AliExpress just started billing shipping fees for products that are marketed as ""free shipping"" for a product that was 7 euros and ""free shipping"" I was charged 5 euros for shipping on delivery. No pay no product. If i was charged that initially i wouldn't have placed the order! That's just not how you do business!",2026-03-01 09:25:07,1,Positive,Negative,True
346,299,Stephane Cherpit,1,"I have a purchase being shipped. the app doesn't know.about. 0 orders with my account. Pitiful, worst app.ever.",2026-03-04 16:28:56,0,Negative,Negative,False
347,774,Nazik Osman,5,friendly user app easy to deal with 💕,2026-02-19 18:20:05,0,Positive,Positive,False
348,561,XQFXUOGL FDSMKLIP,1,👎👎👎👎👎,2026-02-25 13:51:41,0,Neutral,Negative,False
349,185,Adam,1,"I paid the 3 for 90p deal and the delivery driver put it in my bin without a notice, they have refunded my the 90p but I can't get anything with it, im asking to get the bundle/deal back.",2026-03-07 15:29:54,0,Neutral,Negative,True
350,989,Jacky Chan,1,They make me return an item but issued no refund.,2026-02-13 11:25:53,1,Negative,Negative,True
351,48,Christopher Atkin,5,"i thought this was going to be like wish or temu, where they make these wild claims of free stuff or discounts under a buck, the weirdest thing happened though, they were telling the truth. now they aren't making extravagant claims like the others, but the ones they are making, they honor them. I have my whole family ordering from them. long shipping times are the only downside, not even enough to knock a star off because they tell you in advance how long it will take.",2026-03-11 23:56:47,0,Positive,Positive,True
352,108,Gerri Cooper,1,I've had enough of purchasing things and then having the item come totally different from what I purchased. or not coming at all and then I get a refund without even let me know that it's not coming. I'm not shopping with them anymore. The sellers are crooks false advertising and just straight up not a good platform to buy things from I give it one star because there's no less than one,2026-03-10 00:51:45,1,Negative,Negative,True
353,224,Mudiwa Sheltoniey Dekeshe,5,"Best App ever , this one never disappoint",2026-03-06 09:08:38,0,Positive,Positive,True
354,856,Roman Ukhach,5,"I always found what to buy there, and shipping took around 12 days to my place.",2026-02-17 08:20:11,0,Neutral,Positive,False
355,247,Tanya Nicole,5,"Favorite App on here. Plus the games they have where you can earn coins to shop with. LOVE IT💯🫶💯 Takes some time to learn how it all works, with the games and coins, but it's worth it to me...and it's fun, too!!! One important thing to pay attention to are the reviews from, not just the product, the actual digital store and seller individually. Give it a try, you'll love it!!!",2026-03-05 19:23:25,25,Positive,Positive,True
356,541,TriLife,1,"totally overcrowded app! too much going on. order information cannot be sorted. It's just one stream of data. updates, delivery information etc. often repeated. you can't find the information that matters. you cannot turn off promo spam. the slider just goes back to ""allow"" the products are good, but the app positively is USELESS. stick to the website",2026-02-26 01:43:09,3,Positive,Negative,True
357,325,Devon Karle,1,trash. don't buy from this company.,2026-03-04 00:45:12,0,Neutral,Negative,True
358,996,J Bah,5,"Genial, me encanta...",2026-02-13 04:35:04,0,Positive,Positive,False
359,531,Starme Lipox,5,"First of all, I would like to congratulate AliExpress on its wonderful job but nowadays shipments to Ghana are very slow compared to the past years and I would like the board members to address this issue on our behalf and fix the problem we are facing. I hope my humble request will be put into consideration. Thanks.",2026-02-26 12:42:21,5,Positive,Positive,False
360,534,Jason Armfield,3,Okay for cheap things. The games will lead you down a 30 day or 100 day challenge to win points for which you can never cash and challenges with irritating tasks like completing 10 levels of the rush game - the worst and longest to play,2026-02-26 12:00:53,0,Positive,Neutral,True
361,344,John Mason,1,This application is a joke. Legitimate complaints do not get taken seriously. I have given up asking why the products I paid for have not been delivered.,2026-03-03 10:45:00,1,Neutral,Negative,True
362,914,Ramo,1,"app is failing platform suppliers dishonest and Chinese companies are favored in disputes I got scammed ,10k Alibaba guarantee was useless!",2026-02-15 12:47:46,0,Negative,Negative,False
363,530,Abenether shumet,3,nice update but the filter is not working specially free shiping option is not accurate and what is with shipping too expensive,2026-02-26 13:45:54,0,Negative,Neutral,True
364,404,Saima Munawar,5,bht Acha app h............,2026-03-01 18:37:23,0,Neutral,Positive,False
365,4,Toni Dawn Moore,4,never shopped there yet,2026-03-12 21:24:39,0,Neutral,Positive,True
366,658,Amy Winter,1,this is the worst app I have ever used. it doesn't deliver your packages it will keep saying delivery issues and not even sure if it will give me the refund I requested because I know it will not get delivered when I know my own address. do not use this app plus it takes too long for packages to get here and u talk to a bot if u have any issues. you are better off sticking with Amazon and temu and Walmart or anywhere else but here true rip off this site is. do not use at all,2026-02-23 07:02:06,1,Positive,Negative,True
367,351,dominic baloyi,5,They deliver👌,2026-03-03 04:15:37,0,Neutral,Positive,False
368,352,Travel,4,it's 👍,2026-03-03 02:25:03,0,Neutral,Positive,False
369,118,Sissie Payne,1,bad customer service!,2026-03-09 16:56:06,1,Negative,Negative,False
370,402,Angela Alce,1,I've been to make the account ever since I download this app.It is not working every single time is always being slow and it tells me that my account is locked and I have to regain access.I do every Gmail I have.This is the worst app I ever had i don't even write views.But this is the worst app that I have to,2026-03-01 19:15:16,0,Negative,Negative,True
371,469,Chip Helton,5,great so far,2026-02-28 03:03:10,0,Positive,Positive,False
372,349,Sheona Baldacchino,2,very late delivery,2026-03-03 06:13:09,1,Neutral,Negative,False
373,559,Sime akter,5,Tell us more ( optional) ❤️🇸🇦,2026-02-25 14:38:01,0,Neutral,Positive,False
374,124,Captain Traveler,1,The worst company ever See you at the court.,2026-03-09 14:48:05,0,Negative,Negative,False
375,953,Virginia Durand,1,good cool stuff. but they ship soooo slowly and most the time they don't ship so come the expected delivery date the order gets canceled cause they haven't shipped it. useless app.,2026-02-14 14:09:00,1,Positive,Negative,True
376,907,Mansur Muhammad (Smart prince),5,goods apps,2026-02-15 17:31:22,0,Neutral,Positive,False
377,687,Mango Tango,4,"love this app, especially if you like online aesthetics. great for trinkets and accessories but the bigger you go, the quality scales down. i buy press on nails, shoes, hair clips, etc. You do get what you pay for but if you do your due diligence you can get some good stuff! Things I've bought years ago i still use to this day with no issues! If you buy things that are hard to break regardless of quality (e.g desk mats, enamel pins...) you trade price for speed tho, delivery to US is 2-4 weeks",2026-02-22 05:26:03,4,Positive,Positive,True
378,88,Enrique El Sato de Hato Rey,2,i prefer the website. the app is buggy and doesn't offer much.,2026-03-10 13:31:02,1,Neutral,Negative,False
379,361,Christopher McKinney,1,scamers heaven. do not use it you will get scammed. 99% of the vendors are scammers.,2026-03-02 18:30:46,1,Positive,Negative,True
380,448,Leslie-Ann Albanese,5,"The ULTIMATE in transparency! You can speak/see live the seller. Knowing exactly where my money goes is paramount. Small B2B is refreshing and hopefully with the tariff reduction we, (humans living on planet earth)can (only wish) to actually make some money.",2026-02-28 18:36:03,1,Positive,Positive,False
381,17,Rahl Gadu,5,למה זה לא מוריד לי ניסיתי אד 24 שאות אפילו יתמול,2026-03-12 16:48:37,0,Neutral,Positive,False
382,610,Rainer S.,1,"Only use AliExpress for cheap items & be prepared to write it off. In my case: 10 orders, all addressed correctly, arrived(2 got stuck for weeks, 7 got just dumped nearby). No 11 arrived at our airport on Jan 31, but wasn't handed to customs for 17 days! Customs cleared it in 11 hrs. 7 days later, without even bother to arrange a last mile / local courier: ""recipient uncontactable"". Now AliExpress wants me to contact the courier in China on the chinese only website and no end-consumer support.",2026-02-24 11:22:26,2,Positive,Negative,True
383,5,Asia Johnson,3,buy from these guys,2026-03-12 20:36:18,0,Neutral,Neutral,False
384,217,Zied,1,"EDIT: I already contacted customer service countless times, but it was just a WASTE of time... It's unhelpful. The app is getting worse every day... More complicated, uncomfortable and more difficult to get discounts... Not too mention the annoying bugs and errors in the app notably the World Tour Go Missions that immediately turn into a loop of ""5 levels of Rush Hour"" every task... A lot to talk about, but can't say everything in this review. So, I'll give the lowest review, sorry.",2026-03-06 11:19:18,2,Negative,Negative,True
385,495,Jose Goris,1,"Unable to add items to cart, only options is to buy now.",2026-02-27 10:40:51,1,Neutral,Negative,False
386,869,Sam Fall,1,has gone downhill in recent years. I have been a loyal customer since 2010. the dispute process has become overcomplicated and some couriers used like Cainao are not reputable they mark parcels as being delivered and do not respond to enquiries. if you order from this platform ensure the seller is using imile courier they provide photos as proof of delivery. edit: any appeal or escalation ends in the same way. items that arrive faulty or damaged good luck trying to go through the dispute.,2026-02-16 23:40:25,3,Positive,Negative,True
387,906,Jignesh Patel,1,Fraud app. Ordered two times and never received product. They do not provide refund for undelivered product . Stay away.,2026-02-15 17:58:40,3,Negative,Negative,True
388,269,Jo-Lynn Gruszewski,1,"no I love apps like this I am a consistent temu fanatic, but upon downloading this app I was promised to free gifts placing my first order and becoming a new customer, and yet I placed my order right after I chose my gifts and surprise surprise my order was confirmed and now I'm not eligible for my free gifts for some reason total rip-off they just lied to get me to sign up very very bad experience I'll stick with TeMU",2026-03-05 08:15:35,0,Positive,Negative,True
389,301,David Turner,5,if u shop online YOU are a FOOL if you don't use AliExpress,2026-03-04 16:18:59,0,Negative,Positive,True
390,929,Pilar Castanuela,5,my favorite ❣️😍🥰,2026-02-15 04:25:07,0,Positive,Positive,False
391,144,Abba abdullahi,5,gud app,2026-03-08 22:25:24,0,Neutral,Positive,False
392,732,Ankit Kapuria,1,Worst customer service ever,2026-02-21 04:40:44,2,Negative,Negative,False
393,338,_,5,I love them I got stuff from them two years ago and it still works that's why I'm still on this platform. So don't think it's like temu cause it's not have a good day,2026-03-03 14:59:07,0,Positive,Positive,True
394,895,CryptKreeper83,1,Ever since I bought some items from Aliexpress my inbox has been flooded with phishing emails from fake different domains every day! They are leaking my information to the sellers who I believe are spamming me. I'm not buying from here anymore. Plus they use speedx delivery service which the drivers dumps my packages on the side of the road anyways.,2026-02-15 22:38:37,2,Negative,Negative,True
395,909,Windel Magpayo,1,"I didn't recieved my order, and ots already paid. They will call about the address for many times till then they don't deliver my order. I will never use apps. Anymore its a big scam...",2026-02-15 17:10:33,1,Neutral,Negative,True
396,720,Rayna Stoyanova,1,"is just the next fake app. the prices are expensive, the description is aways incorrect. the searching algoritem present pears when you search tommatos, but the worst thing that they claim buyer protection if your item delay whicj is not true anx if you want to contact the support to ask about it. Simple -the is no option to reach the support or if there is, is heeden somewhere deeply. just avoid it. aliexpress is not what was years ago.",2026-02-21 11:22:06,4,Negative,Negative,True
397,807,renita wuyts,1,"I downloaded the app and ordered a wedding dress... and I specially checked if I can return the dress.. on the site it was mentioned that you can return the order for free if you are not satisfied.but I had very horrible experience,i didn't like the dress on me, so I asked to return but the seller very bluntly said no, you have to pay the return. than after opening the dispute and discussing almost for 3 weeks.i lost the case and all my money is wasted. so Ali express is not a good platform..",2026-02-18 19:50:40,3,Negative,Negative,True
398,959,Christine Rafael,1,Yep my mom had a reason why she told me this is a scam like why is it stuck in transit and then telling me that its gonna take longer probably its never gonna come stupid scammers,2026-02-14 10:51:06,0,Positive,Negative,True
399,618,ザカリーエイケン（Aiken）,4,"Update: My experience with AliExpress has improved a bit. It’s very useful for parts I need as someone who does DIY projects and repairs, but it’s not ideal for everyday purchases since shipping can be very expensive. Overall, it’s ok.",2026-02-24 05:40:13,0,Positive,Positive,True
400,887,Bogdan P,1,"Sellers are scammers that lie about shipping items, the people that run this app don't want your money. Spend it somewhere else.",2026-02-16 11:33:56,0,Negative,Negative,True
